
INSERT INTO `user` (`id`,`password`,`role`,`username`) VALUES (1,'admin','ADMIN','admin');

INSERT INTO `domain` (`id`,`name`) VALUES (1,'C');
INSERT INTO `domain` (`id`,`name`) VALUES (2,'Java');
INSERT INTO `domain` (`id`,`name`) VALUES (3,'JavaScript');
INSERT INTO `domain` (`id`,`name`) VALUES (4,'Python');

INSERT INTO `question` (`id`,`score`,`text`,`domain_id`) VALUES (1,1,'C is the successor of ___ programming language.',1);
INSERT INTO `question` (`id`,`score`,`text`,`domain_id`) VALUES (2,1,'Which statement can print \n on the screen?',1);
INSERT INTO `question` (`id`,`score`,`text`,`domain_id`) VALUES (3,1,'What is the only function all C programs must contain?',1);
INSERT INTO `question` (`id`,`score`,`text`,`domain_id`) VALUES (5,1,'What punctuation ends most lines of C code?',1);
INSERT INTO `question` (`id`,`score`,`text`,`domain_id`) VALUES (6,1,'Which of the following is a correct comment?',1);
INSERT INTO `question` (`id`,`score`,`text`,`domain_id`) VALUES (7,1,'Which of the following is not a correct variable type?',1);
INSERT INTO `question` (`id`,`score`,`text`,`domain_id`) VALUES (8,1,'Which of the following is the correct operator to compare two variables?',1);
INSERT INTO `question` (`id`,`score`,`text`,`domain_id`) VALUES (9,1,'What is the correct value to return to the operating system upon the successful completion of a program?',1);
INSERT INTO `question` (`id`,`score`,`text`,`domain_id`) VALUES (10,1,'Which of the following is the boolean operator for logical-and?',1);
INSERT INTO `question` (`id`,`score`,`text`,`domain_id`) VALUES (11,2,'Evaluate !(1 && !(0 || 1)).',1);
INSERT INTO `question` (`id`,`score`,`text`,`domain_id`) VALUES (12,2,'Which of the following shows the correct syntax for an if statement?',1);
INSERT INTO `question` (`id`,`score`,`text`,`domain_id`) VALUES (13,2,'Which of the following is the proper declaration of a pointer?',1);
INSERT INTO `question` (`id`,`score`,`text`,`domain_id`) VALUES (14,2,'Which of the following gives the memory address of integer variable a?',1);
INSERT INTO `question` (`id`,`score`,`text`,`domain_id`) VALUES (15,2,'Which of the following gives the memory address of a variable pointed to by pointer a?',1);
INSERT INTO `question` (`id`,`score`,`text`,`domain_id`) VALUES (16,2,'Which of the following gives the value stored at the address pointed to by pointer a?',1);
INSERT INTO `question` (`id`,`score`,`text`,`domain_id`) VALUES (17,2,'Which of the following is the proper keyword to allocate memory in C?',1);
INSERT INTO `question` (`id`,`score`,`text`,`domain_id`) VALUES (18,2,'Which of the following is the proper keyword to deallocate memory?',1);
INSERT INTO `question` (`id`,`score`,`text`,`domain_id`) VALUES (19,2,'Which of the following accesses a variable in structure b?',1);
INSERT INTO `question` (`id`,`score`,`text`,`domain_id`) VALUES (20,2,'Which of the following accesses a variable in structure *b?',1);
INSERT INTO `question` (`id`,`score`,`text`,`domain_id`) VALUES (21,3,'Which of the following is a properly defined struct?',1);
INSERT INTO `question` (`id`,`score`,`text`,`domain_id`) VALUES (22,3,'Which properly declares a variable of struct foo?',1);
INSERT INTO `question` (`id`,`score`,`text`,`domain_id`) VALUES (23,3,'Which of the following correctly declares an array?',1);
INSERT INTO `question` (`id`,`score`,`text`,`domain_id`) VALUES (24,3,'What is the index number of the last element of an array with 29 elements?',1);
INSERT INTO `question` (`id`,`score`,`text`,`domain_id`) VALUES (25,3,'Which of the following is a two-dimensional array?',1);
INSERT INTO `question` (`id`,`score`,`text`,`domain_id`) VALUES (26,3,'Which of the following correctly accesses the seventh element stored in foo, an array with 100 elements?',1);
INSERT INTO `question` (`id`,`score`,`text`,`domain_id`) VALUES (27,3,'Which of the following gives the memory address of the first element in array foo, an array with 100 elements?',1);
INSERT INTO `question` (`id`,`score`,`text`,`domain_id`) VALUES (28,3,'Which of the following is a static string?',1);
INSERT INTO `question` (`id`,`score`,`text`,`domain_id`) VALUES (29,3,'What character ends all strings?',1);
INSERT INTO `question` (`id`,`score`,`text`,`domain_id`) VALUES (30,3,'Which of the following reads in a string named x with one hundred characters?',1);
INSERT INTO `question` (`id`,`score`,`text`,`domain_id`) VALUES (31,4,'What actually get pass when you pass an array as a function argument?',1);
INSERT INTO `question` (`id`,`score`,`text`,`domain_id`) VALUES (32,4,'An operation with only one operand is called unary operation.',1);
INSERT INTO `question` (`id`,`score`,`text`,`domain_id`) VALUES (33,4,'Which of the following functions compares two strings?',1);
INSERT INTO `question` (`id`,`score`,`text`,`domain_id`) VALUES (34,4,'Which of the following adds one string to the end of another?',1);
INSERT INTO `question` (`id`,`score`,`text`,`domain_id`) VALUES (35,4,'Which header file do you need to include to use typecasting?',1);
INSERT INTO `question` (`id`,`score`,`text`,`domain_id`) VALUES (36,4,'Which is a valid typecast?',1);
INSERT INTO `question` (`id`,`score`,`text`,`domain_id`) VALUES (37,4,'Why can typecasting be dangerous?',1);
INSERT INTO `question` (`id`,`score`,`text`,`domain_id`) VALUES (38,4,'Which is a good use for typecasting?',1);
INSERT INTO `question` (`id`,`score`,`text`,`domain_id`) VALUES (39,4,'Which conversion is not possible?',1);
INSERT INTO `question` (`id`,`score`,`text`,`domain_id`) VALUES (40,4,'What variables stores the number of arguments to a program?',1);
INSERT INTO `question` (`id`,`score`,`text`,`domain_id`) VALUES (41,5,'For a structure, if a variable behave as a pointer then from the given below operators which operator can be used to access data of the structure via the variable pointer?',1);
INSERT INTO `question` (`id`,`score`,`text`,`domain_id`) VALUES (42,5,'What is argv[0]?',1);
INSERT INTO `question` (`id`,`score`,`text`,`domain_id`) VALUES (43,5,'What type is argv?',1);
INSERT INTO `question` (`id`,`score`,`text`,`domain_id`) VALUES (44,5,'In what order do the two command line variables appear in the definition of main?',1);
INSERT INTO `question` (`id`,`score`,`text`,`domain_id`) VALUES (45,5,'What does the argument count variable store?',1);
INSERT INTO `question` (`id`,`score`,`text`,`domain_id`) VALUES (46,5,'Which type of language is C?',1);
INSERT INTO `question` (`id`,`score`,`text`,`domain_id`) VALUES (47,5,'C is platform dependent language.',1);
INSERT INTO `question` (`id`,`score`,`text`,`domain_id`) VALUES (48,5,'C can run on which of the following environments?',1);
INSERT INTO `question` (`id`,`score`,`text`,`domain_id`) VALUES (49,5,'Linux was developed mainly using C language.',1);
INSERT INTO `question` (`id`,`score`,`text`,`domain_id`) VALUES (50,5,'Which data type will you use to store numeric value which is always positive ?',1);
INSERT INTO `question` (`id`,`score`,`text`,`domain_id`) VALUES (51,1,'The modulus operator (%) in Java can be used only with variables of integer type?',2);
INSERT INTO `question` (`id`,`score`,`text`,`domain_id`) VALUES (52,1,'Declarations must appear at the start of the body of a Java method.',2);
INSERT INTO `question` (`id`,`score`,`text`,`domain_id`) VALUES (53,1,'When a method or a variable in a class is declared as private, it can only be accessed by the methods within the same class.',2);
INSERT INTO `question` (`id`,`score`,`text`,`domain_id`) VALUES (54,1,'Information Hiding can also be termed as:',2);
INSERT INTO `question` (`id`,`score`,`text`,`domain_id`) VALUES (55,1,'Pick the term that relates to polymorphism:',2);
INSERT INTO `question` (`id`,`score`,`text`,`domain_id`) VALUES (56,1,'Which of the following is not a part of OOP?',2);
INSERT INTO `question` (`id`,`score`,`text`,`domain_id`) VALUES (57,1,'Which of the following is not a part of OOP?',2);
INSERT INTO `question` (`id`,`score`,`text`,`domain_id`) VALUES (58,1,'In which file do we define a servlet mapping?',2);
INSERT INTO `question` (`id`,`score`,`text`,`domain_id`) VALUES (59,1,'A get request gets information from a client. A post request posts data to a client.',2);
INSERT INTO `question` (`id`,`score`,`text`,`domain_id`) VALUES (60,1,'All interface methods must be declared as public when implemented in a class.',2);
INSERT INTO `question` (`id`,`score`,`text`,`domain_id`) VALUES (61,2,'JVM stands for?',2);
INSERT INTO `question` (`id`,`score`,`text`,`domain_id`) VALUES (62,2,'To execute a java class file named myprog.class we write at command prompt:',2);
INSERT INTO `question` (`id`,`score`,`text`,`domain_id`) VALUES (63,2,'An applet can be executed through:',2);
INSERT INTO `question` (`id`,`score`,`text`,`domain_id`) VALUES (64,2,'Applets can be loaded with:',2);
INSERT INTO `question` (`id`,`score`,`text`,`domain_id`) VALUES (65,2,'Which of the inheritance is not supported in Java?',2);
INSERT INTO `question` (`id`,`score`,`text`,`domain_id`) VALUES (66,2,'CGI stands for:',2);
INSERT INTO `question` (`id`,`score`,`text`,`domain_id`) VALUES (67,2,'x=x+10; can be written as:',2);
INSERT INTO `question` (`id`,`score`,`text`,`domain_id`) VALUES (68,2,'Which is not true for Java ByteCode?',2);
INSERT INTO `question` (`id`,`score`,`text`,`domain_id`) VALUES (69,2,'In C++, a static variable is declared using the static keyword.Java uses:',2);
INSERT INTO `question` (`id`,`score`,`text`,`domain_id`) VALUES (70,2,'Which of the following is not true about JVM?',2);
INSERT INTO `question` (`id`,`score`,`text`,`domain_id`) VALUES (71,3,'A final keyword causes:',2);
INSERT INTO `question` (`id`,`score`,`text`,`domain_id`) VALUES (72,3,'Which of the functions does not exist for Applet class?',2);
INSERT INTO `question` (`id`,`score`,`text`,`domain_id`) VALUES (73,3,'Java does not provide :',2);
INSERT INTO `question` (`id`,`score`,`text`,`domain_id`) VALUES (74,3,'Interface represents :',2);
INSERT INTO `question` (`id`,`score`,`text`,`domain_id`) VALUES (75,3,'An applet is :',2);
INSERT INTO `question` (`id`,`score`,`text`,`domain_id`) VALUES (76,3,'Java always pass class objects to a function argument as :',2);
INSERT INTO `question` (`id`,`score`,`text`,`domain_id`) VALUES (77,3,'Underlying native code is called from Java using :',2);
INSERT INTO `question` (`id`,`score`,`text`,`domain_id`) VALUES (78,3,'int x ; int y=x+1 ; y= ?',2);
INSERT INTO `question` (`id`,`score`,`text`,`domain_id`) VALUES (79,3,'if(x=10) b=1 ; else b=0 ; b= ?',2);
INSERT INTO `question` (`id`,`score`,`text`,`domain_id`) VALUES (80,3,'x=10 ; x=x++ * ++x ; x= ?',2);
INSERT INTO `question` (`id`,`score`,`text`,`domain_id`) VALUES (81,4,'What Java Compiler do ?',2);
INSERT INTO `question` (`id`,`score`,`text`,`domain_id`) VALUES (82,4,'Which of the following is true ?',2);
INSERT INTO `question` (`id`,`score`,`text`,`domain_id`) VALUES (83,4,'What is the purpose of declaring a variable as final ?',2);
INSERT INTO `question` (`id`,`score`,`text`,`domain_id`) VALUES (84,4,'What is serialization ?',2);
INSERT INTO `question` (`id`,`score`,`text`,`domain_id`) VALUES (85,4,'Which of the following operator will always evaluate all the operands ?',2);
INSERT INTO `question` (`id`,`score`,`text`,`domain_id`) VALUES (86,4,'Which of the following is true about static ?',2);
INSERT INTO `question` (`id`,`score`,`text`,`domain_id`) VALUES (87,4,'According to JavaBean naming standards, which of the following is correct to getting id ?',2);
INSERT INTO `question` (`id`,`score`,`text`,`domain_id`) VALUES (88,4,'Which of the modifiers of top level class ?',2);
INSERT INTO `question` (`id`,`score`,`text`,`domain_id`) VALUES (89,4,'Which of the following statements are true about is-a and has-a relationship ?',2);
INSERT INTO `question` (`id`,`score`,`text`,`domain_id`) VALUES (90,4,'Which of the following statements are true about encapsulation ?',2);
INSERT INTO `question` (`id`,`score`,`text`,`domain_id`) VALUES (91,5,'Which of the following is correct object oriented design ?',2);
INSERT INTO `question` (`id`,`score`,`text`,`domain_id`) VALUES (92,5,'Which of the following statement is about StringBuffer and StringBuilder?',2);
INSERT INTO `question` (`id`,`score`,`text`,`domain_id`) VALUES (93,5,'Which of the following is a correct static import statement?',2);
INSERT INTO `question` (`id`,`score`,`text`,`domain_id`) VALUES (94,5,'You have a file named TechKnow.java. TechKnow.java needs access to a class contained in app.jar in \"tkhts\" directory. Which of the following command set classpath to compile clean?',2);
INSERT INTO `question` (`id`,`score`,`text`,`domain_id`) VALUES (95,5,'Polymorphism is achieved by?',2);
INSERT INTO `question` (`id`,`score`,`text`,`domain_id`) VALUES (96,5,'Which of the following is about encapsulation?',2);
INSERT INTO `question` (`id`,`score`,`text`,`domain_id`) VALUES (97,5,'Which will declare a method that forces a subclass to implement it?',2);
INSERT INTO `question` (`id`,`score`,`text`,`domain_id`) VALUES (98,5,'Which constructs a DataOutputStream?',2);
INSERT INTO `question` (`id`,`score`,`text`,`domain_id`) VALUES (99,5,'Which can be used to encode charS for output?',2);
INSERT INTO `question` (`id`,`score`,`text`,`domain_id`) VALUES (100,5,'Given the ActionEvent, which method allows you to identify the affected component?',2);
INSERT INTO `question` (`id`,`score`,`text`,`domain_id`) VALUES (101,1,'What does this function do? Function f(val){ return val ? 1:2;}',3);
INSERT INTO `question` (`id`,`score`,`text`,`domain_id`) VALUES (102,1,'What is an array?',3);
INSERT INTO `question` (`id`,`score`,`text`,`domain_id`) VALUES (103,1,'What is JavaScript most related to?',3);
INSERT INTO `question` (`id`,`score`,`text`,`domain_id`) VALUES (104,1,'How to declare a variable?',3);
INSERT INTO `question` (`id`,`score`,`text`,`domain_id`) VALUES (105,1,'How to make a link to previous page?',3);
INSERT INTO `question` (`id`,`score`,`text`,`domain_id`) VALUES (106,1,'How to change the browser window statusbar value?',3);
INSERT INTO `question` (`id`,`score`,`text`,`domain_id`) VALUES (107,1,'How can you check the values of a mail-form before sending it?',3);
INSERT INTO `question` (`id`,`score`,`text`,`domain_id`) VALUES (108,1,'Which of the following is not true?',3);
INSERT INTO `question` (`id`,`score`,`text`,`domain_id`) VALUES (109,1,'It is possible to change the value of a textfield by clicking a link?',3);
INSERT INTO `question` (`id`,`score`,`text`,`domain_id`) VALUES (110,1,'How can you redirect a visitor to another page?',3);
INSERT INTO `question` (`id`,`score`,`text`,`domain_id`) VALUES (111,2,'Which is not a valid handler?',3);
INSERT INTO `question` (`id`,`score`,`text`,`domain_id`) VALUES (112,2,'Which of the following is a disadvantage of using JavaScript?',3);
INSERT INTO `question` (`id`,`score`,`text`,`domain_id`) VALUES (113,2,'Which of the following is true about cookie handling in JavaScript?',3);
INSERT INTO `question` (`id`,`score`,`text`,`domain_id`) VALUES (114,2,'Which of the following type of variable is visible only within a function where it is defined?',3);
INSERT INTO `question` (`id`,`score`,`text`,`domain_id`) VALUES (115,2,'Which built-in method returns the characters in a string beginning at the specified location?',3);
INSERT INTO `question` (`id`,`score`,`text`,`domain_id`) VALUES (116,2,'Which of the following function of Boolean object returns the primitive value of the Boolean object?',3);
INSERT INTO `question` (`id`,`score`,`text`,`domain_id`) VALUES (117,2,'Which of the following function of String object extracts a section of a string and returns a new string?',3);
INSERT INTO `question` (`id`,`score`,`text`,`domain_id`) VALUES (118,2,'Which of the following function of String object returns the calling string value converted to upper case while respecting the current locale?',3);
INSERT INTO `question` (`id`,`score`,`text`,`domain_id`) VALUES (119,2,'Which of the following function of String object causes a string to be displayed in a small font, as if it were in a <small> tag?',3);
INSERT INTO `question` (`id`,`score`,`text`,`domain_id`) VALUES (120,2,'Which of the following function of Array object returns the last (greatest) index of an element within the array equal to the specified value, or -1 if none is found?',3);
INSERT INTO `question` (`id`,`score`,`text`,`domain_id`) VALUES (121,3,'Which of the following function of Array object adds and/or removes elements from an array?',3);
INSERT INTO `question` (`id`,`score`,`text`,`domain_id`) VALUES (122,3,'Number(\"1\") -1 == 0; What is the result?',3);
INSERT INTO `question` (`id`,`score`,`text`,`domain_id`) VALUES (123,3,'(true + false) > 2 + true;  What is the result?',3);
INSERT INTO `question` (`id`,`score`,`text`,`domain_id`) VALUES (124,3,'\"1\" - - \"1\"; What is the result?',3);
INSERT INTO `question` (`id`,`score`,`text`,`domain_id`) VALUES (125,3,'new String (\"This is a string\") instanceof String;   What is the result?',3);
INSERT INTO `question` (`id`,`score`,`text`,`domain_id`) VALUES (126,3,'String (\'Hello\') === \'Hello\';   What is the result?',3);
INSERT INTO `question` (`id`,`score`,`text`,`domain_id`) VALUES (127,3,'\"This is a string\" instanceof String;    What is the result?',3);
INSERT INTO `question` (`id`,`score`,`text`,`domain_id`) VALUES (128,3,'10 > 9 > 8 === true;    What is the result?',3);
INSERT INTO `question` (`id`,`score`,`text`,`domain_id`) VALUES (129,3,'NaN === NaN;   What is the result?',3);
INSERT INTO `question` (`id`,`score`,`text`,`domain_id`) VALUES (130,3,'(true + false ) > 2 + true;   Whats is the result?',3);
INSERT INTO `question` (`id`,`score`,`text`,`domain_id`) VALUES (131,4,'What will be the output?  alert(({valueOf:function() {return 1;} }) === true);',3);
INSERT INTO `question` (`id`,`score`,`text`,`domain_id`) VALUES (132,4,'What will return the following code?    (1.22e-10).toFixed(2)',3);
INSERT INTO `question` (`id`,`score`,`text`,`domain_id`) VALUES (133,4,'What will be the output for the following code?  Alert(typeof typeof (typeof(undefined)));',3);
INSERT INTO `question` (`id`,`score`,`text`,`domain_id`) VALUES (134,4,'What will be the return value for the following code?      !function(){}();',3);
INSERT INTO `question` (`id`,`score`,`text`,`domain_id`) VALUES (135,4,'What will be the output?  alert(({valueOf:function() {return 2;} }) === 2);',3);
INSERT INTO `question` (`id`,`score`,`text`,`domain_id`) VALUES (136,4,'Which of the following languages will you consider as being similar to JavaScript?',3);
INSERT INTO `question` (`id`,`score`,`text`,`domain_id`) VALUES (137,4,'You can reference an entry in an array using:',3);
INSERT INTO `question` (`id`,`score`,`text`,`domain_id`) VALUES (138,4,'A web page can contain how many event triggers?',3);
INSERT INTO `question` (`id`,`score`,`text`,`domain_id`) VALUES (139,4,'What does ++ do?',3);
INSERT INTO `question` (`id`,`score`,`text`,`domain_id`) VALUES (140,4,'Alert helps find erors by...',3);
INSERT INTO `question` (`id`,`score`,`text`,`domain_id`) VALUES (141,5,'What types of value can a function return?',3);
INSERT INTO `question` (`id`,`score`,`text`,`domain_id`) VALUES (142,5,'Which event causes a delay?',3);
INSERT INTO `question` (`id`,`score`,`text`,`domain_id`) VALUES (143,5,'Most event handlers are added:',3);
INSERT INTO `question` (`id`,`score`,`text`,`domain_id`) VALUES (144,5,'Clicking a field with the mouse will not trigger',3);
INSERT INTO `question` (`id`,`score`,`text`,`domain_id`) VALUES (145,5,'To set a four digit year you use which date method?',3);
INSERT INTO `question` (`id`,`score`,`text`,`domain_id`) VALUES (146,5,'A View Source Bookmarklet :',3);
INSERT INTO `question` (`id`,`score`,`text`,`domain_id`) VALUES (147,5,'Which of the following browsers support the sort() method for arrays?',3);
INSERT INTO `question` (`id`,`score`,`text`,`domain_id`) VALUES (148,5,'Which of the following JavaScript statements use arrays?',3);
INSERT INTO `question` (`id`,`score`,`text`,`domain_id`) VALUES (149,5,'After executing the JavaScript statement a=(new Array(10)).toString(), what is the value of a?',3);
INSERT INTO `question` (`id`,`score`,`text`,`domain_id`) VALUES (150,5,'Which of the following syntax is correct to refer an external script called \"formValidation.js\"?',3);
INSERT INTO `question` (`id`,`score`,`text`,`domain_id`) VALUES (151,1,'Which of the following is correct about Python?',4);
INSERT INTO `question` (`id`,`score`,`text`,`domain_id`) VALUES (152,1,'What is the output of print list if list = [ \'abcd\', 786 , 2.23, \'john\', 70.2 ]?',4);
INSERT INTO `question` (`id`,`score`,`text`,`domain_id`) VALUES (153,1,'Which of the following function gets the length of the string?',4);
INSERT INTO `question` (`id`,`score`,`text`,`domain_id`) VALUES (154,1,'Which of the following function checks in a string that all characters are decimal?',4);
INSERT INTO `question` (`id`,`score`,`text`,`domain_id`) VALUES (155,1,'Which of these in not a core datatype?',4);
INSERT INTO `question` (`id`,`score`,`text`,`domain_id`) VALUES (156,1,'Given a function that does not return any value, What value is thrown by itby default when executed in shell.',4);
INSERT INTO `question` (`id`,`score`,`text`,`domain_id`) VALUES (157,1,'Which of the following will run without errors(multiple answers possible) ?',4);
INSERT INTO `question` (`id`,`score`,`text`,`domain_id`) VALUES (158,1,'What is the return type of function id ?',4);
INSERT INTO `question` (`id`,`score`,`text`,`domain_id`) VALUES (159,1,'What error occurs when you execute : apple=mango?',4);
INSERT INTO `question` (`id`,`score`,`text`,`domain_id`) VALUES (160,1,'What dataype is the object below ? L = [1, 23, \'hello\', 1]',4);
INSERT INTO `question` (`id`,`score`,`text`,`domain_id`) VALUES (161,2,'What is the following function compares elements of both lists?',4);
INSERT INTO `question` (`id`,`score`,`text`,`domain_id`) VALUES (162,2,'What is the following function compares elements of both dictionaries dict1, dict2?',4);
INSERT INTO `question` (`id`,`score`,`text`,`domain_id`) VALUES (163,2,'Select all options that print: hello-how-are-you',4);
INSERT INTO `question` (`id`,`score`,`text`,`domain_id`) VALUES (164,2,'What is the return value of trunc() ?',4);
INSERT INTO `question` (`id`,`score`,`text`,`domain_id`) VALUES (165,2,'Which module in Python supports regular expressions?',4);
INSERT INTO `question` (`id`,`score`,`text`,`domain_id`) VALUES (166,2,'Which of the following creates a pattern object?',4);
INSERT INTO `question` (`id`,`score`,`text`,`domain_id`) VALUES (167,2,'What does the function re.match do?',4);
INSERT INTO `question` (`id`,`score`,`text`,`domain_id`) VALUES (168,2,'What does the function re.search do?',4);
INSERT INTO `question` (`id`,`score`,`text`,`domain_id`) VALUES (169,2,'Is Python case sensitive when dealing with identifiers?',4);
INSERT INTO `question` (`id`,`score`,`text`,`domain_id`) VALUES (170,2,'What is the maximum possible length of an identifier?',4);
INSERT INTO `question` (`id`,`score`,`text`,`domain_id`) VALUES (171,3,'Which of the following is correct about dictionaries in python?',4);
INSERT INTO `question` (`id`,`score`,`text`,`domain_id`) VALUES (172,3,'Which of the following function convert an object to a regular expression in python?',4);
INSERT INTO `question` (`id`,`score`,`text`,`domain_id`) VALUES (173,3,'Which of the following operator in python performs exponential (power) calculation on operands?',4);
INSERT INTO `question` (`id`,`score`,`text`,`domain_id`) VALUES (174,3,'Which of the following function capitalizes first letter of string?',4);
INSERT INTO `question` (`id`,`score`,`text`,`domain_id`) VALUES (175,3,'Which of the following is invalid?',4);
INSERT INTO `question` (`id`,`score`,`text`,`domain_id`) VALUES (176,3,'Which of the following is an invalid variable?',4);
INSERT INTO `question` (`id`,`score`,`text`,`domain_id`) VALUES (177,3,'Why are local variable names beginning with an underscore discouraged?',4);
INSERT INTO `question` (`id`,`score`,`text`,`domain_id`) VALUES (178,3,'Which of the following is not a keyword?',4);
INSERT INTO `question` (`id`,`score`,`text`,`domain_id`) VALUES (179,3,'All keywords in Pyhton are in',4);
INSERT INTO `question` (`id`,`score`,`text`,`domain_id`) VALUES (180,3,'Which of the following is true for variable names in Python?',4);
INSERT INTO `question` (`id`,`score`,`text`,`domain_id`) VALUES (181,4,'Which of the following is an invalid statement?',4);
INSERT INTO `question` (`id`,`score`,`text`,`domain_id`) VALUES (182,4,'Which of the following cannot be a variable?',4);
INSERT INTO `question` (`id`,`score`,`text`,`domain_id`) VALUES (183,4,'What is the output of print 0.1 + 0.2 == 0.3?',4);
INSERT INTO `question` (`id`,`score`,`text`,`domain_id`) VALUES (184,4,'Which of the following is not a complex number?',4);
INSERT INTO `question` (`id`,`score`,`text`,`domain_id`) VALUES (185,4,'What is the type of inf? (inf= infinite) ',4);
INSERT INTO `question` (`id`,`score`,`text`,`domain_id`) VALUES (186,4,'What does ~4 evaluate to?',4);
INSERT INTO `question` (`id`,`score`,`text`,`domain_id`) VALUES (187,4,'What does ~~~~~~5 evaluate to?',4);
INSERT INTO `question` (`id`,`score`,`text`,`domain_id`) VALUES (188,4,'Which of the following is incorrect?',4);
INSERT INTO `question` (`id`,`score`,`text`,`domain_id`) VALUES (189,4,'What is the result of cmp(3,1)?',4);
INSERT INTO `question` (`id`,`score`,`text`,`domain_id`) VALUES (190,4,'Which is the correct operator for power(x^y)?',4);
INSERT INTO `question` (`id`,`score`,`text`,`domain_id`) VALUES (191,5,'What is answer of this expression, 22 % 3 is?',4);
INSERT INTO `question` (`id`,`score`,`text`,`domain_id`) VALUES (192,5,'What is the output of this expression, 3*1**3?',4);
INSERT INTO `question` (`id`,`score`,`text`,`domain_id`) VALUES (193,5,'Which one of the following have the same precedence?',4);
INSERT INTO `question` (`id`,`score`,`text`,`domain_id`) VALUES (194,5,'Which one of the following have the highest precedence in the expression?',4);
INSERT INTO `question` (`id`,`score`,`text`,`domain_id`) VALUES (195,5,'What does os.name contain?',4);
INSERT INTO `question` (`id`,`score`,`text`,`domain_id`) VALUES (196,5,'What does print(os.geteuid()) print?',4);
INSERT INTO `question` (`id`,`score`,`text`,`domain_id`) VALUES (197,5,'What does os.getlogin() return?',4);
INSERT INTO `question` (`id`,`score`,`text`,`domain_id`) VALUES (198,5,'What the does random.seed(3) return?',4);
INSERT INTO `question` (`id`,`score`,`text`,`domain_id`) VALUES (199,5,'Which of the following cannot be returned by random.randrange(4)?',4);
INSERT INTO `question` (`id`,`score`,`text`,`domain_id`) VALUES (200,5,'The function random.randint(4) can return only one of the following values. Which?',4);

INSERT INTO `option` (`id`,`correct`,`text`,`question_id`) VALUES (1,'0','C++',1);
INSERT INTO `option` (`id`,`correct`,`text`,`question_id`) VALUES (2,'0','B++',1);
INSERT INTO `option` (`id`,`correct`,`text`,`question_id`) VALUES (3,'1','B',1);
INSERT INTO `option` (`id`,`correct`,`text`,`question_id`) VALUES (5,'1','printf(\"\\n\");',2);
INSERT INTO `option` (`id`,`correct`,`text`,`question_id`) VALUES (6,'0','printf(\"n\");',2);
INSERT INTO `option` (`id`,`correct`,`text`,`question_id`) VALUES (7,'0','printf(\"n\");',2);
INSERT INTO `option` (`id`,`correct`,`text`,`question_id`) VALUES (8,'0','printf(\'\n\'); ',2);
INSERT INTO `option` (`id`,`correct`,`text`,`question_id`) VALUES (9,'0','start()',3);
INSERT INTO `option` (`id`,`correct`,`text`,`question_id`) VALUES (10,'0','system()',3);
INSERT INTO `option` (`id`,`correct`,`text`,`question_id`) VALUES (11,'1','main()',3);
INSERT INTO `option` (`id`,`correct`,`text`,`question_id`) VALUES (12,'0','program()',3);
INSERT INTO `option` (`id`,`correct`,`text`,`question_id`) VALUES (17,'0','.',5);
INSERT INTO `option` (`id`,`correct`,`text`,`question_id`) VALUES (18,'1',';',5);
INSERT INTO `option` (`id`,`correct`,`text`,`question_id`) VALUES (19,'0',':',5);
INSERT INTO `option` (`id`,`correct`,`text`,`question_id`) VALUES (20,'0','\'',5);
INSERT INTO `option` (`id`,`correct`,`text`,`question_id`) VALUES (21,'0','*/ Comments */ ',6);
INSERT INTO `option` (`id`,`correct`,`text`,`question_id`) VALUES (22,'0','** Comment **',6);
INSERT INTO `option` (`id`,`correct`,`text`,`question_id`) VALUES (23,'1','/* Comment */',6);
INSERT INTO `option` (`id`,`correct`,`text`,`question_id`) VALUES (24,'0','{ Comment }',6);
INSERT INTO `option` (`id`,`correct`,`text`,`question_id`) VALUES (25,'0','float',7);
INSERT INTO `option` (`id`,`correct`,`text`,`question_id`) VALUES (26,'1','real',7);
INSERT INTO `option` (`id`,`correct`,`text`,`question_id`) VALUES (27,'0','int',7);
INSERT INTO `option` (`id`,`correct`,`text`,`question_id`) VALUES (28,'0','double',7);
INSERT INTO `option` (`id`,`correct`,`text`,`question_id`) VALUES (29,'0',':=',8);
INSERT INTO `option` (`id`,`correct`,`text`,`question_id`) VALUES (30,'0','=',8);
INSERT INTO `option` (`id`,`correct`,`text`,`question_id`) VALUES (31,'0','equal',8);
INSERT INTO `option` (`id`,`correct`,`text`,`question_id`) VALUES (32,'1','==',8);
INSERT INTO `option` (`id`,`correct`,`text`,`question_id`) VALUES (33,'0','-1',9);
INSERT INTO `option` (`id`,`correct`,`text`,`question_id`) VALUES (34,'0','1',9);
INSERT INTO `option` (`id`,`correct`,`text`,`question_id`) VALUES (35,'1','0',9);
INSERT INTO `option` (`id`,`correct`,`text`,`question_id`) VALUES (36,'0','PPrograms do not return a value.',9);
INSERT INTO `option` (`id`,`correct`,`text`,`question_id`) VALUES (37,'0','&',10);
INSERT INTO `option` (`id`,`correct`,`text`,`question_id`) VALUES (38,'1','&&',10);
INSERT INTO `option` (`id`,`correct`,`text`,`question_id`) VALUES (39,'0','|',10);
INSERT INTO `option` (`id`,`correct`,`text`,`question_id`) VALUES (40,'0','|&',10);
INSERT INTO `option` (`id`,`correct`,`text`,`question_id`) VALUES (41,'1','True',11);
INSERT INTO `option` (`id`,`correct`,`text`,`question_id`) VALUES (42,'0','False',11);
INSERT INTO `option` (`id`,`correct`,`text`,`question_id`) VALUES (43,'0','Unevaluable',11);
INSERT INTO `option` (`id`,`correct`,`text`,`question_id`) VALUES (44,'0','1',11);
INSERT INTO `option` (`id`,`correct`,`text`,`question_id`) VALUES (45,'0','if expression',12);
INSERT INTO `option` (`id`,`correct`,`text`,`question_id`) VALUES (46,'0','if { expression',12);
INSERT INTO `option` (`id`,`correct`,`text`,`question_id`) VALUES (47,'1','if ( expression )',12);
INSERT INTO `option` (`id`,`correct`,`text`,`question_id`) VALUES (48,'0','expression if',12);
INSERT INTO `option` (`id`,`correct`,`text`,`question_id`) VALUES (49,'0','int x;',13);
INSERT INTO `option` (`id`,`correct`,`text`,`question_id`) VALUES (50,'0','int &x;',13);
INSERT INTO `option` (`id`,`correct`,`text`,`question_id`) VALUES (51,'0','ptr x;',13);
INSERT INTO `option` (`id`,`correct`,`text`,`question_id`) VALUES (52,'1','int *x;',13);
INSERT INTO `option` (`id`,`correct`,`text`,`question_id`) VALUES (53,'0','*a;',14);
INSERT INTO `option` (`id`,`correct`,`text`,`question_id`) VALUES (54,'0','a;',14);
INSERT INTO `option` (`id`,`correct`,`text`,`question_id`) VALUES (55,'1','&a;',14);
INSERT INTO `option` (`id`,`correct`,`text`,`question_id`) VALUES (56,'0','address(a);',14);
INSERT INTO `option` (`id`,`correct`,`text`,`question_id`) VALUES (57,'1','a;',15);
INSERT INTO `option` (`id`,`correct`,`text`,`question_id`) VALUES (58,'0','*a;',15);
INSERT INTO `option` (`id`,`correct`,`text`,`question_id`) VALUES (59,'0','&a;',15);
INSERT INTO `option` (`id`,`correct`,`text`,`question_id`) VALUES (60,'0','address(a);',15);
INSERT INTO `option` (`id`,`correct`,`text`,`question_id`) VALUES (61,'0','a;',16);
INSERT INTO `option` (`id`,`correct`,`text`,`question_id`) VALUES (62,'0','val(a);',16);
INSERT INTO `option` (`id`,`correct`,`text`,`question_id`) VALUES (63,'1','*a;',16);
INSERT INTO `option` (`id`,`correct`,`text`,`question_id`) VALUES (64,'0','&a;',16);
INSERT INTO `option` (`id`,`correct`,`text`,`question_id`) VALUES (65,'0','new',17);
INSERT INTO `option` (`id`,`correct`,`text`,`question_id`) VALUES (66,'1','malloc',17);
INSERT INTO `option` (`id`,`correct`,`text`,`question_id`) VALUES (67,'0','create',17);
INSERT INTO `option` (`id`,`correct`,`text`,`question_id`) VALUES (68,'0','value',17);
INSERT INTO `option` (`id`,`correct`,`text`,`question_id`) VALUES (69,'1','free',18);
INSERT INTO `option` (`id`,`correct`,`text`,`question_id`) VALUES (70,'0','delete',18);
INSERT INTO `option` (`id`,`correct`,`text`,`question_id`) VALUES (71,'0','clear',18);
INSERT INTO `option` (`id`,`correct`,`text`,`question_id`) VALUES (72,'0','remove',18);
INSERT INTO `option` (`id`,`correct`,`text`,`question_id`) VALUES (73,'0','b->var;',19);
INSERT INTO `option` (`id`,`correct`,`text`,`question_id`) VALUES (74,'1','b.var;',19);
INSERT INTO `option` (`id`,`correct`,`text`,`question_id`) VALUES (75,'0','b-var;',19);
INSERT INTO `option` (`id`,`correct`,`text`,`question_id`) VALUES (76,'0','b>var;',19);
INSERT INTO `option` (`id`,`correct`,`text`,`question_id`) VALUES (77,'1','b->var;',20);
INSERT INTO `option` (`id`,`correct`,`text`,`question_id`) VALUES (78,'0','b.var;',20);
INSERT INTO `option` (`id`,`correct`,`text`,`question_id`) VALUES (79,'0','b-var;',20);
INSERT INTO `option` (`id`,`correct`,`text`,`question_id`) VALUES (80,'0','b>var;',20);
INSERT INTO `option` (`id`,`correct`,`text`,`question_id`) VALUES (81,'0','struct {int a;}',21);
INSERT INTO `option` (`id`,`correct`,`text`,`question_id`) VALUES (82,'0','struct a_struct {int a;}',21);
INSERT INTO `option` (`id`,`correct`,`text`,`question_id`) VALUES (83,'0','struct a_struct int a;',21);
INSERT INTO `option` (`id`,`correct`,`text`,`question_id`) VALUES (84,'1','struct a_struct {int a;};',21);
INSERT INTO `option` (`id`,`correct`,`text`,`question_id`) VALUES (85,'0','struct foo;',22);
INSERT INTO `option` (`id`,`correct`,`text`,`question_id`) VALUES (86,'1','struct foo var;',22);
INSERT INTO `option` (`id`,`correct`,`text`,`question_id`) VALUES (87,'0','foo;',22);
INSERT INTO `option` (`id`,`correct`,`text`,`question_id`) VALUES (88,'0','int foo; ',22);
INSERT INTO `option` (`id`,`correct`,`text`,`question_id`) VALUES (89,'1','int anarray[10];',23);
INSERT INTO `option` (`id`,`correct`,`text`,`question_id`) VALUES (90,'0','int anarray;',23);
INSERT INTO `option` (`id`,`correct`,`text`,`question_id`) VALUES (91,'0','anarray{10};',23);
INSERT INTO `option` (`id`,`correct`,`text`,`question_id`) VALUES (92,'0','array anarray[10];',23);
INSERT INTO `option` (`id`,`correct`,`text`,`question_id`) VALUES (93,'0','29',24);
INSERT INTO `option` (`id`,`correct`,`text`,`question_id`) VALUES (94,'1','28',24);
INSERT INTO `option` (`id`,`correct`,`text`,`question_id`) VALUES (95,'0','0',24);
INSERT INTO `option` (`id`,`correct`,`text`,`question_id`) VALUES (96,'0','Programmer-defined',24);
INSERT INTO `option` (`id`,`correct`,`text`,`question_id`) VALUES (97,'0','array anarray[20][20];',25);
INSERT INTO `option` (`id`,`correct`,`text`,`question_id`) VALUES (98,'1','int anarray[20][20];',25);
INSERT INTO `option` (`id`,`correct`,`text`,`question_id`) VALUES (99,'0','int array[20, 20];',25);
INSERT INTO `option` (`id`,`correct`,`text`,`question_id`) VALUES (100,'0','char array[20];',25);
INSERT INTO `option` (`id`,`correct`,`text`,`question_id`) VALUES (101,'1','foo[6];',26);
INSERT INTO `option` (`id`,`correct`,`text`,`question_id`) VALUES (102,'0','foo[7];',26);
INSERT INTO `option` (`id`,`correct`,`text`,`question_id`) VALUES (103,'0','foo(7);',26);
INSERT INTO `option` (`id`,`correct`,`text`,`question_id`) VALUES (104,'0','foo;',26);
INSERT INTO `option` (`id`,`correct`,`text`,`question_id`) VALUES (105,'0','foo[0];',27);
INSERT INTO `option` (`id`,`correct`,`text`,`question_id`) VALUES (106,'1','foo;',27);
INSERT INTO `option` (`id`,`correct`,`text`,`question_id`) VALUES (107,'0','&foo;',27);
INSERT INTO `option` (`id`,`correct`,`text`,`question_id`) VALUES (108,'0','foo[1];',27);
INSERT INTO `option` (`id`,`correct`,`text`,`question_id`) VALUES (109,'0','Static String',28);
INSERT INTO `option` (`id`,`correct`,`text`,`question_id`) VALUES (110,'1','\"Static String\"',28);
INSERT INTO `option` (`id`,`correct`,`text`,`question_id`) VALUES (111,'0','\'Static String\'',28);
INSERT INTO `option` (`id`,`correct`,`text`,`question_id`) VALUES (112,'0','char string[100];',28);
INSERT INTO `option` (`id`,`correct`,`text`,`question_id`) VALUES (113,'0','\'.\'',29);
INSERT INTO `option` (`id`,`correct`,`text`,`question_id`) VALUES (114,'0','\' \'',29);
INSERT INTO `option` (`id`,`correct`,`text`,`question_id`) VALUES (115,'1','\'\0\'',29);
INSERT INTO `option` (`id`,`correct`,`text`,`question_id`) VALUES (116,'0','\'\n\'',29);
INSERT INTO `option` (`id`,`correct`,`text`,`question_id`) VALUES (117,'1','fgets(x, 101, stdin);',30);
INSERT INTO `option` (`id`,`correct`,`text`,`question_id`) VALUES (118,'0','fgets(x, 100, stdin);',30);
INSERT INTO `option` (`id`,`correct`,`text`,`question_id`) VALUES (119,'0','readline(x, 100, \'\n\');',30);
INSERT INTO `option` (`id`,`correct`,`text`,`question_id`) VALUES (120,'0','read(x);',30);
INSERT INTO `option` (`id`,`correct`,`text`,`question_id`) VALUES (121,'0','First value of elements in array',31);
INSERT INTO `option` (`id`,`correct`,`text`,`question_id`) VALUES (122,'1','Base address of the array',31);
INSERT INTO `option` (`id`,`correct`,`text`,`question_id`) VALUES (123,'0','All value of element in array',31);
INSERT INTO `option` (`id`,`correct`,`text`,`question_id`) VALUES (124,'0','Address of the last element of array',31);
INSERT INTO `option` (`id`,`correct`,`text`,`question_id`) VALUES (125,'1','True',32);
INSERT INTO `option` (`id`,`correct`,`text`,`question_id`) VALUES (126,'0','An operation with two operand is called unary operation',32);
INSERT INTO `option` (`id`,`correct`,`text`,`question_id`) VALUES (127,'0','An operation with unlimited operand is called unary operation',32);
INSERT INTO `option` (`id`,`correct`,`text`,`question_id`) VALUES (128,'0','None of the above ',32);
INSERT INTO `option` (`id`,`correct`,`text`,`question_id`) VALUES (129,'0','compare();',33);
INSERT INTO `option` (`id`,`correct`,`text`,`question_id`) VALUES (130,'0','stringcompare();',33);
INSERT INTO `option` (`id`,`correct`,`text`,`question_id`) VALUES (131,'0','cmp();',33);
INSERT INTO `option` (`id`,`correct`,`text`,`question_id`) VALUES (132,'1','strcmp();',33);
INSERT INTO `option` (`id`,`correct`,`text`,`question_id`) VALUES (133,'0','append();',34);
INSERT INTO `option` (`id`,`correct`,`text`,`question_id`) VALUES (134,'0','stringadd();',34);
INSERT INTO `option` (`id`,`correct`,`text`,`question_id`) VALUES (135,'1','strcat();',34);
INSERT INTO `option` (`id`,`correct`,`text`,`question_id`) VALUES (136,'0','stradd();',34);
INSERT INTO `option` (`id`,`correct`,`text`,`question_id`) VALUES (137,'0','stdin.h',35);
INSERT INTO `option` (`id`,`correct`,`text`,`question_id`) VALUES (138,'0','ctype.h',35);
INSERT INTO `option` (`id`,`correct`,`text`,`question_id`) VALUES (139,'0','math.h',35);
INSERT INTO `option` (`id`,`correct`,`text`,`question_id`) VALUES (140,'1','None',35);
INSERT INTO `option` (`id`,`correct`,`text`,`question_id`) VALUES (141,'0','a(char);',36);
INSERT INTO `option` (`id`,`correct`,`text`,`question_id`) VALUES (142,'0','char:a;',36);
INSERT INTO `option` (`id`,`correct`,`text`,`question_id`) VALUES (143,'1','(char)a;',36);
INSERT INTO `option` (`id`,`correct`,`text`,`question_id`) VALUES (144,'0','to(char, a);',36);
INSERT INTO `option` (`id`,`correct`,`text`,`question_id`) VALUES (145,'0','Some conversions are not defined, such as char to int.',37);
INSERT INTO `option` (`id`,`correct`,`text`,`question_id`) VALUES (146,'0','You might permanently change the value of the variable.',37);
INSERT INTO `option` (`id`,`correct`,`text`,`question_id`) VALUES (147,'1','You might temporarily lose part of the data - such as truncating a float when typecasting to an int.',37);
INSERT INTO `option` (`id`,`correct`,`text`,`question_id`) VALUES (148,'0','There are no dangers.',37);
INSERT INTO `option` (`id`,`correct`,`text`,`question_id`) VALUES (149,'1','To allow division of two integers to return a decimal value.',38);
INSERT INTO `option` (`id`,`correct`,`text`,`question_id`) VALUES (150,'0','To allow your program to use nothing but integers.',38);
INSERT INTO `option` (`id`,`correct`,`text`,`question_id`) VALUES (151,'0','To change the return type of a function.',38);
INSERT INTO `option` (`id`,`correct`,`text`,`question_id`) VALUES (152,'0','To swap variables rapidly.',38);
INSERT INTO `option` (`id`,`correct`,`text`,`question_id`) VALUES (153,'0','int to float',39);
INSERT INTO `option` (`id`,`correct`,`text`,`question_id`) VALUES (154,'0','float to int',39);
INSERT INTO `option` (`id`,`correct`,`text`,`question_id`) VALUES (155,'0','char to float',39);
INSERT INTO `option` (`id`,`correct`,`text`,`question_id`) VALUES (156,'1','All are possible',39);
INSERT INTO `option` (`id`,`correct`,`text`,`question_id`) VALUES (157,'1','argc',40);
INSERT INTO `option` (`id`,`correct`,`text`,`question_id`) VALUES (158,'0','argv',40);
INSERT INTO `option` (`id`,`correct`,`text`,`question_id`) VALUES (159,'0','C count',40);
INSERT INTO `option` (`id`,`correct`,`text`,`question_id`) VALUES (160,'0','arglen',40);
INSERT INTO `option` (`id`,`correct`,`text`,`question_id`) VALUES (161,'0','.',41);
INSERT INTO `option` (`id`,`correct`,`text`,`question_id`) VALUES (162,'0','%',41);
INSERT INTO `option` (`id`,`correct`,`text`,`question_id`) VALUES (163,'1','->',41);
INSERT INTO `option` (`id`,`correct`,`text`,`question_id`) VALUES (164,'0','#',41);
INSERT INTO `option` (`id`,`correct`,`text`,`question_id`) VALUES (165,'0','The number of arguments to the program',42);
INSERT INTO `option` (`id`,`correct`,`text`,`question_id`) VALUES (166,'1','The name of the program',42);
INSERT INTO `option` (`id`,`correct`,`text`,`question_id`) VALUES (167,'0','The first argument to the program',42);
INSERT INTO `option` (`id`,`correct`,`text`,`question_id`) VALUES (168,'0','This syntax is illegal',42);
INSERT INTO `option` (`id`,`correct`,`text`,`question_id`) VALUES (169,'0','char *',43);
INSERT INTO `option` (`id`,`correct`,`text`,`question_id`) VALUES (170,'0','int',43);
INSERT INTO `option` (`id`,`correct`,`text`,`question_id`) VALUES (171,'1','char **',43);
INSERT INTO `option` (`id`,`correct`,`text`,`question_id`) VALUES (172,'0','It\'s not a variable',43);
INSERT INTO `option` (`id`,`correct`,`text`,`question_id`) VALUES (173,'1','Count then argument array',44);
INSERT INTO `option` (`id`,`correct`,`text`,`question_id`) VALUES (174,'0','Argument array then count',44);
INSERT INTO `option` (`id`,`correct`,`text`,`question_id`) VALUES (175,'0','They don\'t appear in the definition of main',44);
INSERT INTO `option` (`id`,`correct`,`text`,`question_id`) VALUES (176,'0','There is only one argument.',44);
INSERT INTO `option` (`id`,`correct`,`text`,`question_id`) VALUES (177,'0','the number of arguments',45);
INSERT INTO `option` (`id`,`correct`,`text`,`question_id`) VALUES (178,'1','the number of arguments plus one',45);
INSERT INTO `option` (`id`,`correct`,`text`,`question_id`) VALUES (179,'0','the number of arguments minus one',45);
INSERT INTO `option` (`id`,`correct`,`text`,`question_id`) VALUES (180,'0','The total size of the argument array',45);
INSERT INTO `option` (`id`,`correct`,`text`,`question_id`) VALUES (181,'0','Object Oriented Language',46);
INSERT INTO `option` (`id`,`correct`,`text`,`question_id`) VALUES (182,'1','Procedure Oriented Language',46);
INSERT INTO `option` (`id`,`correct`,`text`,`question_id`) VALUES (183,'0','Scripting Language',46);
INSERT INTO `option` (`id`,`correct`,`text`,`question_id`) VALUES (184,'0','Other',46);
INSERT INTO `option` (`id`,`correct`,`text`,`question_id`) VALUES (185,'0','True',47);
INSERT INTO `option` (`id`,`correct`,`text`,`question_id`) VALUES (186,'1','False',47);
INSERT INTO `option` (`id`,`correct`,`text`,`question_id`) VALUES (187,'0','Both',47);
INSERT INTO `option` (`id`,`correct`,`text`,`question_id`) VALUES (188,'0','None',47);
INSERT INTO `option` (`id`,`correct`,`text`,`question_id`) VALUES (189,'0','DOS',48);
INSERT INTO `option` (`id`,`correct`,`text`,`question_id`) VALUES (190,'0','Windows',48);
INSERT INTO `option` (`id`,`correct`,`text`,`question_id`) VALUES (191,'0','Linux',48);
INSERT INTO `option` (`id`,`correct`,`text`,`question_id`) VALUES (192,'1','All',48);
INSERT INTO `option` (`id`,`correct`,`text`,`question_id`) VALUES (193,'1','True',49);
INSERT INTO `option` (`id`,`correct`,`text`,`question_id`) VALUES (194,'0','False',49);
INSERT INTO `option` (`id`,`correct`,`text`,`question_id`) VALUES (195,'0','Partially true',49);
INSERT INTO `option` (`id`,`correct`,`text`,`question_id`) VALUES (196,'0','None of the above',49);
INSERT INTO `option` (`id`,`correct`,`text`,`question_id`) VALUES (197,'1','Unsigned int',50);
INSERT INTO `option` (`id`,`correct`,`text`,`question_id`) VALUES (198,'0','Signed int',50);
INSERT INTO `option` (`id`,`correct`,`text`,`question_id`) VALUES (199,'0','int',50);
INSERT INTO `option` (`id`,`correct`,`text`,`question_id`) VALUES (200,'0','float',50);
INSERT INTO `option` (`id`,`correct`,`text`,`question_id`) VALUES (201,'0','True ',51);
INSERT INTO `option` (`id`,`correct`,`text`,`question_id`) VALUES (202,'1','False',51);
INSERT INTO `option` (`id`,`correct`,`text`,`question_id`) VALUES (203,'0','Not always',51);
INSERT INTO `option` (`id`,`correct`,`text`,`question_id`) VALUES (204,'0','None of these',51);
INSERT INTO `option` (`id`,`correct`,`text`,`question_id`) VALUES (205,'0','True',52);
INSERT INTO `option` (`id`,`correct`,`text`,`question_id`) VALUES (206,'1','False',52);
INSERT INTO `option` (`id`,`correct`,`text`,`question_id`) VALUES (207,'0','Not always',52);
INSERT INTO `option` (`id`,`correct`,`text`,`question_id`) VALUES (208,'0','None of the above',52);
INSERT INTO `option` (`id`,`correct`,`text`,`question_id`) VALUES (209,'1','True',53);
INSERT INTO `option` (`id`,`correct`,`text`,`question_id`) VALUES (210,'0','False',53);
INSERT INTO `option` (`id`,`correct`,`text`,`question_id`) VALUES (211,'0','Not always',53);
INSERT INTO `option` (`id`,`correct`,`text`,`question_id`) VALUES (212,'0','Not always',53);
INSERT INTO `option` (`id`,`correct`,`text`,`question_id`) VALUES (213,'0','Data hiding',54);
INSERT INTO `option` (`id`,`correct`,`text`,`question_id`) VALUES (214,'1','Encapsulation',54);
INSERT INTO `option` (`id`,`correct`,`text`,`question_id`) VALUES (215,'0','Inheritance',54);
INSERT INTO `option` (`id`,`correct`,`text`,`question_id`) VALUES (216,'0','None of the above',54);
INSERT INTO `option` (`id`,`correct`,`text`,`question_id`) VALUES (217,'1','Dynamic binding',55);
INSERT INTO `option` (`id`,`correct`,`text`,`question_id`) VALUES (218,'0','Dynamic allocation',55);
INSERT INTO `option` (`id`,`correct`,`text`,`question_id`) VALUES (219,'0','Static typing',55);
INSERT INTO `option` (`id`,`correct`,`text`,`question_id`) VALUES (220,'0','Static allocation',55);
INSERT INTO `option` (`id`,`correct`,`text`,`question_id`) VALUES (221,'1','Type checking',56);
INSERT INTO `option` (`id`,`correct`,`text`,`question_id`) VALUES (222,'0','Multitasking',56);
INSERT INTO `option` (`id`,`correct`,`text`,`question_id`) VALUES (223,'0','Polymorphism',56);
INSERT INTO `option` (`id`,`correct`,`text`,`question_id`) VALUES (224,'0','Information hiding',56);
INSERT INTO `option` (`id`,`correct`,`text`,`question_id`) VALUES (225,'1','Public',57);
INSERT INTO `option` (`id`,`correct`,`text`,`question_id`) VALUES (226,'0','Private',57);
INSERT INTO `option` (`id`,`correct`,`text`,`question_id`) VALUES (227,'0','Abstract',57);
INSERT INTO `option` (`id`,`correct`,`text`,`question_id`) VALUES (228,'0','Static',57);
INSERT INTO `option` (`id`,`correct`,`text`,`question_id`) VALUES (229,'1','Web.xml',58);
INSERT INTO `option` (`id`,`correct`,`text`,`question_id`) VALUES (230,'0','Servlet.mappings',58);
INSERT INTO `option` (`id`,`correct`,`text`,`question_id`) VALUES (231,'0','Servlet.xml',58);
INSERT INTO `option` (`id`,`correct`,`text`,`question_id`) VALUES (232,'0','Simple.java',58);
INSERT INTO `option` (`id`,`correct`,`text`,`question_id`) VALUES (233,'1','True',59);
INSERT INTO `option` (`id`,`correct`,`text`,`question_id`) VALUES (234,'0','False',59);
INSERT INTO `option` (`id`,`correct`,`text`,`question_id`) VALUES (235,'0','Not always',59);
INSERT INTO `option` (`id`,`correct`,`text`,`question_id`) VALUES (236,'0','None of these',59);
INSERT INTO `option` (`id`,`correct`,`text`,`question_id`) VALUES (237,'1','True',60);
INSERT INTO `option` (`id`,`correct`,`text`,`question_id`) VALUES (238,'0','False',60);
INSERT INTO `option` (`id`,`correct`,`text`,`question_id`) VALUES (239,'0','Not always',60);
INSERT INTO `option` (`id`,`correct`,`text`,`question_id`) VALUES (240,'0','None of these',60);
INSERT INTO `option` (`id`,`correct`,`text`,`question_id`) VALUES (241,'0','Java Visual Machine',61);
INSERT INTO `option` (`id`,`correct`,`text`,`question_id`) VALUES (242,'1','Java Virtual Machine',61);
INSERT INTO `option` (`id`,`correct`,`text`,`question_id`) VALUES (243,'0','JaVa Machine',61);
INSERT INTO `option` (`id`,`correct`,`text`,`question_id`) VALUES (244,'0','JAVA Member',61);
INSERT INTO `option` (`id`,`correct`,`text`,`question_id`) VALUES (245,'0','javac myprog.class',62);
INSERT INTO `option` (`id`,`correct`,`text`,`question_id`) VALUES (246,'0','java myprog.class',62);
INSERT INTO `option` (`id`,`correct`,`text`,`question_id`) VALUES (247,'1','java myprog',62);
INSERT INTO `option` (`id`,`correct`,`text`,`question_id`) VALUES (248,'0','myprog',62);
INSERT INTO `option` (`id`,`correct`,`text`,`question_id`) VALUES (249,'0','command prompt',63);
INSERT INTO `option` (`id`,`correct`,`text`,`question_id`) VALUES (250,'0','EXE file',63);
INSERT INTO `option` (`id`,`correct`,`text`,`question_id`) VALUES (251,'1','AppletViewer',63);
INSERT INTO `option` (`id`,`correct`,`text`,`question_id`) VALUES (252,'0','Text viewer',63);
INSERT INTO `option` (`id`,`correct`,`text`,`question_id`) VALUES (253,'1','Web Browser',64);
INSERT INTO `option` (`id`,`correct`,`text`,`question_id`) VALUES (254,'0','Runtime Module',64);
INSERT INTO `option` (`id`,`correct`,`text`,`question_id`) VALUES (255,'0','Windows EXE',64);
INSERT INTO `option` (`id`,`correct`,`text`,`question_id`) VALUES (256,'0','Operating System',64);
INSERT INTO `option` (`id`,`correct`,`text`,`question_id`) VALUES (257,'0','Multilevel',65);
INSERT INTO `option` (`id`,`correct`,`text`,`question_id`) VALUES (258,'1','Multiple',65);
INSERT INTO `option` (`id`,`correct`,`text`,`question_id`) VALUES (259,'0','Hierarchical',65);
INSERT INTO `option` (`id`,`correct`,`text`,`question_id`) VALUES (260,'0','None',65);
INSERT INTO `option` (`id`,`correct`,`text`,`question_id`) VALUES (261,'0','City Gateway Interface',66);
INSERT INTO `option` (`id`,`correct`,`text`,`question_id`) VALUES (262,'0','Centrally Gravitational Identity',66);
INSERT INTO `option` (`id`,`correct`,`text`,`question_id`) VALUES (263,'0','Common Gateway Incoming',66);
INSERT INTO `option` (`id`,`correct`,`text`,`question_id`) VALUES (264,'1','Common Gateway Interface',66);
INSERT INTO `option` (`id`,`correct`,`text`,`question_id`) VALUES (265,'1','X+=10;',67);
INSERT INTO `option` (`id`,`correct`,`text`,`question_id`) VALUES (266,'0','X=+10;',67);
INSERT INTO `option` (`id`,`correct`,`text`,`question_id`) VALUES (267,'0','X++10;',67);
INSERT INTO `option` (`id`,`correct`,`text`,`question_id`) VALUES (268,'0','Canot be done',67);
INSERT INTO `option` (`id`,`correct`,`text`,`question_id`) VALUES (269,'0','It is 1 byte long',68);
INSERT INTO `option` (`id`,`correct`,`text`,`question_id`) VALUES (270,'0','It uses stack based system',68);
INSERT INTO `option` (`id`,`correct`,`text`,`question_id`) VALUES (271,'0','It is cross-platform',68);
INSERT INTO `option` (`id`,`correct`,`text`,`question_id`) VALUES (272,'1','It uses x86 machine code',68);
INSERT INTO `option` (`id`,`correct`,`text`,`question_id`) VALUES (273,'1','Static keyword',69);
INSERT INTO `option` (`id`,`correct`,`text`,`question_id`) VALUES (274,'0','Final keyword',69);
INSERT INTO `option` (`id`,`correct`,`text`,`question_id`) VALUES (275,'0','Shared keyword',69);
INSERT INTO `option` (`id`,`correct`,`text`,`question_id`) VALUES (276,'0','Public keyword',69);
INSERT INTO `option` (`id`,`correct`,`text`,`question_id`) VALUES (277,'1','It is a compiler',70);
INSERT INTO `option` (`id`,`correct`,`text`,`question_id`) VALUES (278,'0','It interpretes the bytecode',70);
INSERT INTO `option` (`id`,`correct`,`text`,`question_id`) VALUES (279,'0','It is a specification',70);
INSERT INTO `option` (`id`,`correct`,`text`,`question_id`) VALUES (280,'0','It makes Java a cross-platform language',70);
INSERT INTO `option` (`id`,`correct`,`text`,`question_id`) VALUES (281,'1','A variable to be made a constant',71);
INSERT INTO `option` (`id`,`correct`,`text`,`question_id`) VALUES (282,'0','Prepares it for garbage collection',71);
INSERT INTO `option` (`id`,`correct`,`text`,`question_id`) VALUES (283,'0','Frees the variable',71);
INSERT INTO `option` (`id`,`correct`,`text`,`question_id`) VALUES (284,'0','Makes it non-inheritable',71);
INSERT INTO `option` (`id`,`correct`,`text`,`question_id`) VALUES (285,'0','Init()',72);
INSERT INTO `option` (`id`,`correct`,`text`,`question_id`) VALUES (286,'0','Paint()',72);
INSERT INTO `option` (`id`,`correct`,`text`,`question_id`) VALUES (287,'1','Main()',72);
INSERT INTO `option` (`id`,`correct`,`text`,`question_id`) VALUES (288,'0','Destroy()',72);
INSERT INTO `option` (`id`,`correct`,`text`,`question_id`) VALUES (289,'0','Runtime loader',73);
INSERT INTO `option` (`id`,`correct`,`text`,`question_id`) VALUES (290,'1','Console input function',73);
INSERT INTO `option` (`id`,`correct`,`text`,`question_id`) VALUES (291,'0','Console output function',73);
INSERT INTO `option` (`id`,`correct`,`text`,`question_id`) VALUES (292,'0','Console to stream',73);
INSERT INTO `option` (`id`,`correct`,`text`,`question_id`) VALUES (293,'1','Pure virtual class',74);
INSERT INTO `option` (`id`,`correct`,`text`,`question_id`) VALUES (294,'0','Inheritable class',74);
INSERT INTO `option` (`id`,`correct`,`text`,`question_id`) VALUES (295,'0','Structure',74);
INSERT INTO `option` (`id`,`correct`,`text`,`question_id`) VALUES (296,'0','Variable',74);
INSERT INTO `option` (`id`,`correct`,`text`,`question_id`) VALUES (297,'0','Server side code',75);
INSERT INTO `option` (`id`,`correct`,`text`,`question_id`) VALUES (298,'1','Client side code',75);
INSERT INTO `option` (`id`,`correct`,`text`,`question_id`) VALUES (299,'0','Activex code',75);
INSERT INTO `option` (`id`,`correct`,`text`,`question_id`) VALUES (300,'0','Cgi code',75);
INSERT INTO `option` (`id`,`correct`,`text`,`question_id`) VALUES (301,'0','Pointer',76);
INSERT INTO `option` (`id`,`correct`,`text`,`question_id`) VALUES (302,'0','Alias',76);
INSERT INTO `option` (`id`,`correct`,`text`,`question_id`) VALUES (303,'0','Value',76);
INSERT INTO `option` (`id`,`correct`,`text`,`question_id`) VALUES (304,'1','Reference',76);
INSERT INTO `option` (`id`,`correct`,`text`,`question_id`) VALUES (305,'0','Imports keyword',77);
INSERT INTO `option` (`id`,`correct`,`text`,`question_id`) VALUES (306,'0','Call instruction',77);
INSERT INTO `option` (`id`,`correct`,`text`,`question_id`) VALUES (307,'0','getRuntime',77);
INSERT INTO `option` (`id`,`correct`,`text`,`question_id`) VALUES (308,'1','JNI library',77);
INSERT INTO `option` (`id`,`correct`,`text`,`question_id`) VALUES (309,'0','Garbage value',78);
INSERT INTO `option` (`id`,`correct`,`text`,`question_id`) VALUES (310,'0','1',78);
INSERT INTO `option` (`id`,`correct`,`text`,`question_id`) VALUES (311,'0','2',78);
INSERT INTO `option` (`id`,`correct`,`text`,`question_id`) VALUES (312,'1','Error',78);
INSERT INTO `option` (`id`,`correct`,`text`,`question_id`) VALUES (313,'1','Error',79);
INSERT INTO `option` (`id`,`correct`,`text`,`question_id`) VALUES (314,'0','1',79);
INSERT INTO `option` (`id`,`correct`,`text`,`question_id`) VALUES (315,'0','0',79);
INSERT INTO `option` (`id`,`correct`,`text`,`question_id`) VALUES (316,'0','Unknown',79);
INSERT INTO `option` (`id`,`correct`,`text`,`question_id`) VALUES (317,'0','Error',80);
INSERT INTO `option` (`id`,`correct`,`text`,`question_id`) VALUES (318,'0','110',80);
INSERT INTO `option` (`id`,`correct`,`text`,`question_id`) VALUES (319,'0','121',80);
INSERT INTO `option` (`id`,`correct`,`text`,`question_id`) VALUES (320,'1','122',80);
INSERT INTO `option` (`id`,`correct`,`text`,`question_id`) VALUES (321,'0','Converts Java code to machine code',81);
INSERT INTO `option` (`id`,`correct`,`text`,`question_id`) VALUES (322,'1','Converts Java code to byte code',81);
INSERT INTO `option` (`id`,`correct`,`text`,`question_id`) VALUES (323,'0','Both of above',81);
INSERT INTO `option` (`id`,`correct`,`text`,`question_id`) VALUES (324,'0','None of the above',81);
INSERT INTO `option` (`id`,`correct`,`text`,`question_id`) VALUES (325,'1','Java uses UNICODE encoding',82);
INSERT INTO `option` (`id`,`correct`,`text`,`question_id`) VALUES (326,'0','Java uses ASCII encoding',82);
INSERT INTO `option` (`id`,`correct`,`text`,`question_id`) VALUES (327,'0','Doesn\'t use any encoding',82);
INSERT INTO `option` (`id`,`correct`,`text`,`question_id`) VALUES (328,'0','Uses both the encoding',82);
INSERT INTO `option` (`id`,`correct`,`text`,`question_id`) VALUES (329,'0','Can not override the variable',83);
INSERT INTO `option` (`id`,`correct`,`text`,`question_id`) VALUES (330,'0','Can not access the variable from outside the class',83);
INSERT INTO `option` (`id`,`correct`,`text`,`question_id`) VALUES (331,'1','Can not change the value of variable',83);
INSERT INTO `option` (`id`,`correct`,`text`,`question_id`) VALUES (332,'0','None of these',83);
INSERT INTO `option` (`id`,`correct`,`text`,`question_id`) VALUES (333,'0','Serialization is the process of reading the object from file',84);
INSERT INTO `option` (`id`,`correct`,`text`,`question_id`) VALUES (334,'1','Serialization is the process of writing the object into file',84);
INSERT INTO `option` (`id`,`correct`,`text`,`question_id`) VALUES (335,'0','Serialization is the process of concat two files',84);
INSERT INTO `option` (`id`,`correct`,`text`,`question_id`) VALUES (336,'0','Serialization is the process of delete a file',84);
INSERT INTO `option` (`id`,`correct`,`text`,`question_id`) VALUES (337,'0','?',85);
INSERT INTO `option` (`id`,`correct`,`text`,`question_id`) VALUES (338,'0','||',85);
INSERT INTO `option` (`id`,`correct`,`text`,`question_id`) VALUES (339,'0','&&',85);
INSERT INTO `option` (`id`,`correct`,`text`,`question_id`) VALUES (340,'1','%',85);
INSERT INTO `option` (`id`,`correct`,`text`,`question_id`) VALUES (341,'0','Cannot change the value of static variable',86);
INSERT INTO `option` (`id`,`correct`,`text`,`question_id`) VALUES (342,'1','Shared by all instances af a class',86);
INSERT INTO `option` (`id`,`correct`,`text`,`question_id`) VALUES (343,'0','Not shared by all instances of a class',86);
INSERT INTO `option` (`id`,`correct`,`text`,`question_id`) VALUES (344,'0','None of these',86);
INSERT INTO `option` (`id`,`correct`,`text`,`question_id`) VALUES (345,'0','Public int get_Id(){}',87);
INSERT INTO `option` (`id`,`correct`,`text`,`question_id`) VALUES (346,'0','Public int getId{}',87);
INSERT INTO `option` (`id`,`correct`,`text`,`question_id`) VALUES (347,'1','Public int getId(){}',87);
INSERT INTO `option` (`id`,`correct`,`text`,`question_id`) VALUES (348,'0','Public int getId(int id){}',87);
INSERT INTO `option` (`id`,`correct`,`text`,`question_id`) VALUES (349,'0','No modifier',88);
INSERT INTO `option` (`id`,`correct`,`text`,`question_id`) VALUES (350,'0','Static',88);
INSERT INTO `option` (`id`,`correct`,`text`,`question_id`) VALUES (351,'0','Abstract',88);
INSERT INTO `option` (`id`,`correct`,`text`,`question_id`) VALUES (352,'1','Final',88);
INSERT INTO `option` (`id`,`correct`,`text`,`question_id`) VALUES (353,'0','Interfaces must be used when creating a has-a relationship',89);
INSERT INTO `option` (`id`,`correct`,`text`,`question_id`) VALUES (354,'0','Inheritance represents a has-a relationship',89);
INSERT INTO `option` (`id`,`correct`,`text`,`question_id`) VALUES (355,'1','Instance variables can be used when creating a has-a relationship',89);
INSERT INTO `option` (`id`,`correct`,`text`,`question_id`) VALUES (356,'0','None of these',89);
INSERT INTO `option` (`id`,`correct`,`text`,`question_id`) VALUES (357,'0','It provides faster execution',90);
INSERT INTO `option` (`id`,`correct`,`text`,`question_id`) VALUES (358,'1','It provides code clarity',90);
INSERT INTO `option` (`id`,`correct`,`text`,`question_id`) VALUES (359,'0','It has less dependency on other classes',90);
INSERT INTO `option` (`id`,`correct`,`text`,`question_id`) VALUES (360,'0','A and B',90);
INSERT INTO `option` (`id`,`correct`,`text`,`question_id`) VALUES (361,'0','Loose coupling',91);
INSERT INTO `option` (`id`,`correct`,`text`,`question_id`) VALUES (362,'0','Low cohesion',91);
INSERT INTO `option` (`id`,`correct`,`text`,`question_id`) VALUES (363,'0','High cohesion',91);
INSERT INTO `option` (`id`,`correct`,`text`,`question_id`) VALUES (364,'1','A and C',91);
INSERT INTO `option` (`id`,`correct`,`text`,`question_id`) VALUES (365,'1','StringBuilder is faster than StringBuffer',92);
INSERT INTO `option` (`id`,`correct`,`text`,`question_id`) VALUES (366,'0','StringBuffer is faster than StringBuilder',92);
INSERT INTO `option` (`id`,`correct`,`text`,`question_id`) VALUES (367,'0','StringBuilder is thread safe',92);
INSERT INTO `option` (`id`,`correct`,`text`,`question_id`) VALUES (368,'0','None of the above',92);
INSERT INTO `option` (`id`,`correct`,`text`,`question_id`) VALUES (369,'0','Import java.util.List.*;',93);
INSERT INTO `option` (`id`,`correct`,`text`,`question_id`) VALUES (370,'1','Import static java.util.List*;',93);
INSERT INTO `option` (`id`,`correct`,`text`,`question_id`) VALUES (371,'0','Static import java.util.List;',93);
INSERT INTO `option` (`id`,`correct`,`text`,`question_id`) VALUES (372,'0','None of these',93);
INSERT INTO `option` (`id`,`correct`,`text`,`question_id`) VALUES (373,'0','javac-classpath tkhts TechKnow.java',94);
INSERT INTO `option` (`id`,`correct`,`text`,`question_id`) VALUES (374,'0','javac-cp tkhts TechKnow.java',94);
INSERT INTO `option` (`id`,`correct`,`text`,`question_id`) VALUES (375,'0','javac-classpath app.jar TechKnow.java',94);
INSERT INTO `option` (`id`,`correct`,`text`,`question_id`) VALUES (376,'1','javac-classpath tkhts/app.jar TechKnow.java',94);
INSERT INTO `option` (`id`,`correct`,`text`,`question_id`) VALUES (377,'0','Overloading',95);
INSERT INTO `option` (`id`,`correct`,`text`,`question_id`) VALUES (378,'1','Overriding',95);
INSERT INTO `option` (`id`,`correct`,`text`,`question_id`) VALUES (380,'0','None of them',95);
INSERT INTO `option` (`id`,`correct`,`text`,`question_id`) VALUES (381,'0','Hiding the implementation detail',96);
INSERT INTO `option` (`id`,`correct`,`text`,`question_id`) VALUES (382,'1','Binding the data in a single unit',96);
INSERT INTO `option` (`id`,`correct`,`text`,`question_id`) VALUES (383,'0','Binding the one to another class',96);
INSERT INTO `option` (`id`,`correct`,`text`,`question_id`) VALUES (384,'0','A and B',96);
INSERT INTO `option` (`id`,`correct`,`text`,`question_id`) VALUES (385,'0','Public double meth();',97);
INSERT INTO `option` (`id`,`correct`,`text`,`question_id`) VALUES (386,'0','Static void meth(double d1){}',97);
INSERT INTO `option` (`id`,`correct`,`text`,`question_id`) VALUES (387,'0','Public native double meth();',97);
INSERT INTO `option` (`id`,`correct`,`text`,`question_id`) VALUES (388,'1','Abstract public void meth();',97);
INSERT INTO `option` (`id`,`correct`,`text`,`question_id`) VALUES (389,'0','new dataOutputStream(new writer(\"out.txt\"));',98);
INSERT INTO `option` (`id`,`correct`,`text`,`question_id`) VALUES (390,'0','new dataOutputStream(new FileWriter(\"out.txt\"));',98);
INSERT INTO `option` (`id`,`correct`,`text`,`question_id`) VALUES (391,'0','new dataOutputStream(new OutputStream(\"out.txt\"));',98);
INSERT INTO `option` (`id`,`correct`,`text`,`question_id`) VALUES (392,'1','new dataOutputStream(new FileOutputStream(\"out.txt\"));',98);
INSERT INTO `option` (`id`,`correct`,`text`,`question_id`) VALUES (393,'0','java.io.OutputStream',99);
INSERT INTO `option` (`id`,`correct`,`text`,`question_id`) VALUES (394,'1','java.io.OutputStreamWriter',99);
INSERT INTO `option` (`id`,`correct`,`text`,`question_id`) VALUES (395,'0','java.io.EncodeOutputStream',99);
INSERT INTO `option` (`id`,`correct`,`text`,`question_id`) VALUES (396,'0','java.io.EncodeWriter',99);
INSERT INTO `option` (`id`,`correct`,`text`,`question_id`) VALUES (397,'0','getClass',100);
INSERT INTO `option` (`id`,`correct`,`text`,`question_id`) VALUES (398,'0','getTarget',100);
INSERT INTO `option` (`id`,`correct`,`text`,`question_id`) VALUES (399,'1','getSource',100);
INSERT INTO `option` (`id`,`correct`,`text`,`question_id`) VALUES (400,'0','getComponent',100);
INSERT INTO `option` (`id`,`correct`,`text`,`question_id`) VALUES (401,'0','It returns val',101);
INSERT INTO `option` (`id`,`correct`,`text`,`question_id`) VALUES (402,'0','It always returns 2',101);
INSERT INTO `option` (`id`,`correct`,`text`,`question_id`) VALUES (403,'1','It returns 1 if val is true ,otherwise 2',101);
INSERT INTO `option` (`id`,`correct`,`text`,`question_id`) VALUES (404,'0','Nothing',101);
INSERT INTO `option` (`id`,`correct`,`text`,`question_id`) VALUES (405,'1','A set of values stored in one variable',102);
INSERT INTO `option` (`id`,`correct`,`text`,`question_id`) VALUES (406,'0','A set of variables stored in one value',102);
INSERT INTO `option` (`id`,`correct`,`text`,`question_id`) VALUES (407,'0','A set of several commands',102);
INSERT INTO `option` (`id`,`correct`,`text`,`question_id`) VALUES (408,'0','A set of several scripts',102);
INSERT INTO `option` (`id`,`correct`,`text`,`question_id`) VALUES (409,'0','MS Word',103);
INSERT INTO `option` (`id`,`correct`,`text`,`question_id`) VALUES (410,'0','Java',103);
INSERT INTO `option` (`id`,`correct`,`text`,`question_id`) VALUES (411,'0','HTML',103);
INSERT INTO `option` (`id`,`correct`,`text`,`question_id`) VALUES (412,'1','Perl',103);
INSERT INTO `option` (`id`,`correct`,`text`,`question_id`) VALUES (413,'1','abc=... or var abc=...',104);
INSERT INTO `option` (`id`,`correct`,`text`,`question_id`) VALUES (414,'0','Only with abc = ...',104);
INSERT INTO `option` (`id`,`correct`,`text`,`question_id`) VALUES (415,'0','Only with var abc=...',104);
INSERT INTO `option` (`id`,`correct`,`text`,`question_id`) VALUES (416,'0','With neither of these',104);
INSERT INTO `option` (`id`,`correct`,`text`,`question_id`) VALUES (417,'0','history.back()',105);
INSERT INTO `option` (`id`,`correct`,`text`,`question_id`) VALUES (418,'0','history.go(-1)',105);
INSERT INTO `option` (`id`,`correct`,`text`,`question_id`) VALUES (419,'1','Both of these',105);
INSERT INTO `option` (`id`,`correct`,`text`,`question_id`) VALUES (420,'0','Neither of these',105);
INSERT INTO `option` (`id`,`correct`,`text`,`question_id`) VALUES (421,'0','Window.set.status',106);
INSERT INTO `option` (`id`,`correct`,`text`,`question_id`) VALUES (422,'0','Set.status',106);
INSERT INTO `option` (`id`,`correct`,`text`,`question_id`) VALUES (423,'1','Window.status',106);
INSERT INTO `option` (`id`,`correct`,`text`,`question_id`) VALUES (424,'0','Window.set',106);
INSERT INTO `option` (`id`,`correct`,`text`,`question_id`) VALUES (425,'0','By adding onSend=function()',107);
INSERT INTO `option` (`id`,`correct`,`text`,`question_id`) VALUES (426,'1','By adding onSubmit=function()',107);
INSERT INTO `option` (`id`,`correct`,`text`,`question_id`) VALUES (427,'0','By adding onCheck=function()',107);
INSERT INTO `option` (`id`,`correct`,`text`,`question_id`) VALUES (428,'0','By adding onRequest=function()',107);
INSERT INTO `option` (`id`,`correct`,`text`,`question_id`) VALUES (429,'0','You can show a different image every day of the week',108);
INSERT INTO `option` (`id`,`correct`,`text`,`question_id`) VALUES (430,'0','You can print a page automatically when it is loaded',108);
INSERT INTO `option` (`id`,`correct`,`text`,`question_id`) VALUES (431,'1','You can change the browser start page automatically',108);
INSERT INTO `option` (`id`,`correct`,`text`,`question_id`) VALUES (432,'0','You can have a window close automatically',108);
INSERT INTO `option` (`id`,`correct`,`text`,`question_id`) VALUES (433,'1','Yes, use onClick= and form.textfield.value',109);
INSERT INTO `option` (`id`,`correct`,`text`,`question_id`) VALUES (434,'0','Yes, use onClick= and form.textfield.set',109);
INSERT INTO `option` (`id`,`correct`,`text`,`question_id`) VALUES (435,'0','Yes, use onClick= and form.textfield.setvalue',109);
INSERT INTO `option` (`id`,`correct`,`text`,`question_id`) VALUES (436,'0','No,you cannot',109);
INSERT INTO `option` (`id`,`correct`,`text`,`question_id`) VALUES (437,'0','Window.location',110);
INSERT INTO `option` (`id`,`correct`,`text`,`question_id`) VALUES (438,'0','Window.location.href',110);
INSERT INTO `option` (`id`,`correct`,`text`,`question_id`) VALUES (439,'1','Both of these',110);
INSERT INTO `option` (`id`,`correct`,`text`,`question_id`) VALUES (440,'0','None of these',110);
INSERT INTO `option` (`id`,`correct`,`text`,`question_id`) VALUES (441,'0','onChange',111);
INSERT INTO `option` (`id`,`correct`,`text`,`question_id`) VALUES (442,'1','onSelection',111);
INSERT INTO `option` (`id`,`correct`,`text`,`question_id`) VALUES (443,'0','onUnload',111);
INSERT INTO `option` (`id`,`correct`,`text`,`question_id`) VALUES (444,'0','onMouseDown',111);
INSERT INTO `option` (`id`,`correct`,`text`,`question_id`) VALUES (445,'0','Client-side JavaScript does not allow the reading or writing of files.',112);
INSERT INTO `option` (`id`,`correct`,`text`,`question_id`) VALUES (446,'0','JavaScript can not be used for Networking applications because there is no such support available.',112);
INSERT INTO `option` (`id`,`correct`,`text`,`question_id`) VALUES (447,'0','JavaScript doesn\'t have any multithreading or multiprocess capabilities.',112);
INSERT INTO `option` (`id`,`correct`,`text`,`question_id`) VALUES (448,'1','All of the above.',112);
INSERT INTO `option` (`id`,`correct`,`text`,`question_id`) VALUES (449,'0','JavaScript can manipulate cookies using the cookie property of the Document object.',113);
INSERT INTO `option` (`id`,`correct`,`text`,`question_id`) VALUES (450,'0','JavaScript can read, create, modify, and delete the cookie or cookies that apply to the current web page.',113);
INSERT INTO `option` (`id`,`correct`,`text`,`question_id`) VALUES (451,'1','Both of the above.',113);
INSERT INTO `option` (`id`,`correct`,`text`,`question_id`) VALUES (452,'0','None of the above.',113);
INSERT INTO `option` (`id`,`correct`,`text`,`question_id`) VALUES (453,'0','global variable',114);
INSERT INTO `option` (`id`,`correct`,`text`,`question_id`) VALUES (454,'1','local variable',114);
INSERT INTO `option` (`id`,`correct`,`text`,`question_id`) VALUES (455,'0','Both of the above.',114);
INSERT INTO `option` (`id`,`correct`,`text`,`question_id`) VALUES (456,'0','None of the above.',114);
INSERT INTO `option` (`id`,`correct`,`text`,`question_id`) VALUES (457,'1','substr()',115);
INSERT INTO `option` (`id`,`correct`,`text`,`question_id`) VALUES (458,'0','getSubstring()',115);
INSERT INTO `option` (`id`,`correct`,`text`,`question_id`) VALUES (459,'0','slice()',115);
INSERT INTO `option` (`id`,`correct`,`text`,`question_id`) VALUES (460,'0','None of the above',115);
INSERT INTO `option` (`id`,`correct`,`text`,`question_id`) VALUES (461,'0','toSource()',116);
INSERT INTO `option` (`id`,`correct`,`text`,`question_id`) VALUES (462,'1','valueOf()',116);
INSERT INTO `option` (`id`,`correct`,`text`,`question_id`) VALUES (463,'0','toString()',116);
INSERT INTO `option` (`id`,`correct`,`text`,`question_id`) VALUES (464,'0','None of the above.',116);
INSERT INTO `option` (`id`,`correct`,`text`,`question_id`) VALUES (465,'1','slice()',117);
INSERT INTO `option` (`id`,`correct`,`text`,`question_id`) VALUES (466,'0','split()',117);
INSERT INTO `option` (`id`,`correct`,`text`,`question_id`) VALUES (467,'0','replace()',117);
INSERT INTO `option` (`id`,`correct`,`text`,`question_id`) VALUES (468,'0','search()',117);
INSERT INTO `option` (`id`,`correct`,`text`,`question_id`) VALUES (469,'1','toLocaleUpperCase()',118);
INSERT INTO `option` (`id`,`correct`,`text`,`question_id`) VALUES (470,'0','toUpperCase()',118);
INSERT INTO `option` (`id`,`correct`,`text`,`question_id`) VALUES (471,'0','toString()',118);
INSERT INTO `option` (`id`,`correct`,`text`,`question_id`) VALUES (472,'0','substring()',118);
INSERT INTO `option` (`id`,`correct`,`text`,`question_id`) VALUES (473,'0','link()',119);
INSERT INTO `option` (`id`,`correct`,`text`,`question_id`) VALUES (474,'1','small()',119);
INSERT INTO `option` (`id`,`correct`,`text`,`question_id`) VALUES (475,'0','sup()',119);
INSERT INTO `option` (`id`,`correct`,`text`,`question_id`) VALUES (476,'0','sub()',119);
INSERT INTO `option` (`id`,`correct`,`text`,`question_id`) VALUES (477,'0','indexOf()',120);
INSERT INTO `option` (`id`,`correct`,`text`,`question_id`) VALUES (478,'0','join()',120);
INSERT INTO `option` (`id`,`correct`,`text`,`question_id`) VALUES (479,'1','lastIndexOf()',120);
INSERT INTO `option` (`id`,`correct`,`text`,`question_id`) VALUES (480,'0','map()',120);
INSERT INTO `option` (`id`,`correct`,`text`,`question_id`) VALUES (481,'0','toSource()',121);
INSERT INTO `option` (`id`,`correct`,`text`,`question_id`) VALUES (482,'0','sort()',121);
INSERT INTO `option` (`id`,`correct`,`text`,`question_id`) VALUES (483,'1','splice()',121);
INSERT INTO `option` (`id`,`correct`,`text`,`question_id`) VALUES (484,'0','unshift()',121);
INSERT INTO `option` (`id`,`correct`,`text`,`question_id`) VALUES (485,'1','True',122);
INSERT INTO `option` (`id`,`correct`,`text`,`question_id`) VALUES (486,'0','True',122);
INSERT INTO `option` (`id`,`correct`,`text`,`question_id`) VALUES (487,'0','TypeError',122);
INSERT INTO `option` (`id`,`correct`,`text`,`question_id`) VALUES (488,'0','none',122);
INSERT INTO `option` (`id`,`correct`,`text`,`question_id`) VALUES (489,'0','True',123);
INSERT INTO `option` (`id`,`correct`,`text`,`question_id`) VALUES (490,'1','False',123);
INSERT INTO `option` (`id`,`correct`,`text`,`question_id`) VALUES (491,'0','TypeError',123);
INSERT INTO `option` (`id`,`correct`,`text`,`question_id`) VALUES (492,'0','NaN',123);
INSERT INTO `option` (`id`,`correct`,`text`,`question_id`) VALUES (493,'0','0',124);
INSERT INTO `option` (`id`,`correct`,`text`,`question_id`) VALUES (494,'1','2',124);
INSERT INTO `option` (`id`,`correct`,`text`,`question_id`) VALUES (495,'0','11',124);
INSERT INTO `option` (`id`,`correct`,`text`,`question_id`) VALUES (496,'0','\"11\"',124);
INSERT INTO `option` (`id`,`correct`,`text`,`question_id`) VALUES (497,'1','True',125);
INSERT INTO `option` (`id`,`correct`,`text`,`question_id`) VALUES (498,'0','False',125);
INSERT INTO `option` (`id`,`correct`,`text`,`question_id`) VALUES (499,'0','typeError',125);
INSERT INTO `option` (`id`,`correct`,`text`,`question_id`) VALUES (500,'0','none',125);
INSERT INTO `option` (`id`,`correct`,`text`,`question_id`) VALUES (501,'1','true',126);
INSERT INTO `option` (`id`,`correct`,`text`,`question_id`) VALUES (502,'0','false',126);
INSERT INTO `option` (`id`,`correct`,`text`,`question_id`) VALUES (503,'0','TypeError',126);
INSERT INTO `option` (`id`,`correct`,`text`,`question_id`) VALUES (504,'0','None',126);
INSERT INTO `option` (`id`,`correct`,`text`,`question_id`) VALUES (505,'0','True',127);
INSERT INTO `option` (`id`,`correct`,`text`,`question_id`) VALUES (506,'1','False',127);
INSERT INTO `option` (`id`,`correct`,`text`,`question_id`) VALUES (507,'0','typeError',127);
INSERT INTO `option` (`id`,`correct`,`text`,`question_id`) VALUES (508,'0','None',127);
INSERT INTO `option` (`id`,`correct`,`text`,`question_id`) VALUES (509,'0','True',128);
INSERT INTO `option` (`id`,`correct`,`text`,`question_id`) VALUES (510,'1','False',128);
INSERT INTO `option` (`id`,`correct`,`text`,`question_id`) VALUES (511,'0','Error',128);
INSERT INTO `option` (`id`,`correct`,`text`,`question_id`) VALUES (512,'0','None',128);
INSERT INTO `option` (`id`,`correct`,`text`,`question_id`) VALUES (513,'0','True',129);
INSERT INTO `option` (`id`,`correct`,`text`,`question_id`) VALUES (514,'1','False',129);
INSERT INTO `option` (`id`,`correct`,`text`,`question_id`) VALUES (515,'0','Error',129);
INSERT INTO `option` (`id`,`correct`,`text`,`question_id`) VALUES (516,'0','None',129);
INSERT INTO `option` (`id`,`correct`,`text`,`question_id`) VALUES (517,'0','typeError',130);
INSERT INTO `option` (`id`,`correct`,`text`,`question_id`) VALUES (518,'1','False',130);
INSERT INTO `option` (`id`,`correct`,`text`,`question_id`) VALUES (519,'0','True',130);
INSERT INTO `option` (`id`,`correct`,`text`,`question_id`) VALUES (520,'0','None',130);
INSERT INTO `option` (`id`,`correct`,`text`,`question_id`) VALUES (521,'0','True',131);
INSERT INTO `option` (`id`,`correct`,`text`,`question_id`) VALUES (522,'1','False',131);
INSERT INTO `option` (`id`,`correct`,`text`,`question_id`) VALUES (523,'0','1',131);
INSERT INTO `option` (`id`,`correct`,`text`,`question_id`) VALUES (524,'0','None',131);
INSERT INTO `option` (`id`,`correct`,`text`,`question_id`) VALUES (525,'0','0.0',132);
INSERT INTO `option` (`id`,`correct`,`text`,`question_id`) VALUES (526,'1','\"0.00\"',132);
INSERT INTO `option` (`id`,`correct`,`text`,`question_id`) VALUES (527,'0','True',132);
INSERT INTO `option` (`id`,`correct`,`text`,`question_id`) VALUES (528,'0','False',132);
INSERT INTO `option` (`id`,`correct`,`text`,`question_id`) VALUES (529,'0','Error in the code',133);
INSERT INTO `option` (`id`,`correct`,`text`,`question_id`) VALUES (530,'1','String',133);
INSERT INTO `option` (`id`,`correct`,`text`,`question_id`) VALUES (531,'0','None',133);
INSERT INTO `option` (`id`,`correct`,`text`,`question_id`) VALUES (532,'0','Int',133);
INSERT INTO `option` (`id`,`correct`,`text`,`question_id`) VALUES (533,'0','Error in the code',134);
INSERT INTO `option` (`id`,`correct`,`text`,`question_id`) VALUES (534,'1','True',134);
INSERT INTO `option` (`id`,`correct`,`text`,`question_id`) VALUES (535,'0','False',134);
INSERT INTO `option` (`id`,`correct`,`text`,`question_id`) VALUES (536,'0','Nothing',134);
INSERT INTO `option` (`id`,`correct`,`text`,`question_id`) VALUES (537,'1','True',135);
INSERT INTO `option` (`id`,`correct`,`text`,`question_id`) VALUES (538,'0','False',135);
INSERT INTO `option` (`id`,`correct`,`text`,`question_id`) VALUES (539,'0','NaN',135);
INSERT INTO `option` (`id`,`correct`,`text`,`question_id`) VALUES (540,'0','Error',135);
INSERT INTO `option` (`id`,`correct`,`text`,`question_id`) VALUES (541,'0','C',136);
INSERT INTO `option` (`id`,`correct`,`text`,`question_id`) VALUES (542,'0','Pascal',136);
INSERT INTO `option` (`id`,`correct`,`text`,`question_id`) VALUES (543,'0','PHP',136);
INSERT INTO `option` (`id`,`correct`,`text`,`question_id`) VALUES (544,'1','Either A or C',136);
INSERT INTO `option` (`id`,`correct`,`text`,`question_id`) VALUES (545,'0','myarray(entry)',137);
INSERT INTO `option` (`id`,`correct`,`text`,`question_id`) VALUES (546,'1','myarray[entry]',137);
INSERT INTO `option` (`id`,`correct`,`text`,`question_id`) VALUES (547,'0','myarray{entry}',137);
INSERT INTO `option` (`id`,`correct`,`text`,`question_id`) VALUES (548,'0','myarray<entry>',137);
INSERT INTO `option` (`id`,`correct`,`text`,`question_id`) VALUES (549,'0','One',138);
INSERT INTO `option` (`id`,`correct`,`text`,`question_id`) VALUES (550,'0','One per HTML tag',138);
INSERT INTO `option` (`id`,`correct`,`text`,`question_id`) VALUES (551,'1','As many as you need',138);
INSERT INTO `option` (`id`,`correct`,`text`,`question_id`) VALUES (552,'0','None',138);
INSERT INTO `option` (`id`,`correct`,`text`,`question_id`) VALUES (553,'0','Adds 2 numbers together',139);
INSERT INTO `option` (`id`,`correct`,`text`,`question_id`) VALUES (554,'0','Joins 2 text strings together',139);
INSERT INTO `option` (`id`,`correct`,`text`,`question_id`) VALUES (555,'1','Adds 1 to a number',139);
INSERT INTO `option` (`id`,`correct`,`text`,`question_id`) VALUES (556,'0','Adds 2 to a number',139);
INSERT INTO `option` (`id`,`correct`,`text`,`question_id`) VALUES (557,'0','Displaying current values of variables',140);
INSERT INTO `option` (`id`,`correct`,`text`,`question_id`) VALUES (558,'0','Indicating execution path',140);
INSERT INTO `option` (`id`,`correct`,`text`,`question_id`) VALUES (559,'0','Pausing execution',140);
INSERT INTO `option` (`id`,`correct`,`text`,`question_id`) VALUES (560,'1','All of the above',140);
INSERT INTO `option` (`id`,`correct`,`text`,`question_id`) VALUES (561,'0','Text',141);
INSERT INTO `option` (`id`,`correct`,`text`,`question_id`) VALUES (562,'0','True/false',141);
INSERT INTO `option` (`id`,`correct`,`text`,`question_id`) VALUES (563,'0','Numbers',141);
INSERT INTO `option` (`id`,`correct`,`text`,`question_id`) VALUES (564,'1','Any variable or objects',141);
INSERT INTO `option` (`id`,`correct`,`text`,`question_id`) VALUES (565,'0','Ondelay',142);
INSERT INTO `option` (`id`,`correct`,`text`,`question_id`) VALUES (566,'1','setTimeout',142);
INSERT INTO `option` (`id`,`correct`,`text`,`question_id`) VALUES (567,'0','setDelay',142);
INSERT INTO `option` (`id`,`correct`,`text`,`question_id`) VALUES (568,'0','ontimeout',142);
INSERT INTO `option` (`id`,`correct`,`text`,`question_id`) VALUES (569,'0','to an external Javascript',143);
INSERT INTO `option` (`id`,`correct`,`text`,`question_id`) VALUES (570,'0','to any Javascript code',143);
INSERT INTO `option` (`id`,`correct`,`text`,`question_id`) VALUES (571,'0','anywhere in the HTML',143);
INSERT INTO `option` (`id`,`correct`,`text`,`question_id`) VALUES (572,'1','within the HTML that is to trigger the event',143);
INSERT INTO `option` (`id`,`correct`,`text`,`question_id`) VALUES (573,'0','onfocus',144);
INSERT INTO `option` (`id`,`correct`,`text`,`question_id`) VALUES (574,'0','onclick',144);
INSERT INTO `option` (`id`,`correct`,`text`,`question_id`) VALUES (575,'1','onkeydown',144);
INSERT INTO `option` (`id`,`correct`,`text`,`question_id`) VALUES (576,'0','onmousedown',144);
INSERT INTO `option` (`id`,`correct`,`text`,`question_id`) VALUES (577,'0','Setyear()',145);
INSERT INTO `option` (`id`,`correct`,`text`,`question_id`) VALUES (578,'0','Setfullyear()',145);
INSERT INTO `option` (`id`,`correct`,`text`,`question_id`) VALUES (579,'0','setYear()',145);
INSERT INTO `option` (`id`,`correct`,`text`,`question_id`) VALUES (580,'1','setFullYear()',145);
INSERT INTO `option` (`id`,`correct`,`text`,`question_id`) VALUES (581,'0','displays the original source',146);
INSERT INTO `option` (`id`,`correct`,`text`,`question_id`) VALUES (582,'0','displays the source and all Javascript values',146);
INSERT INTO `option` (`id`,`correct`,`text`,`question_id`) VALUES (583,'1','displays the source after applying changes',146);
INSERT INTO `option` (`id`,`correct`,`text`,`question_id`) VALUES (584,'0','displays the source and all images',146);
INSERT INTO `option` (`id`,`correct`,`text`,`question_id`) VALUES (585,'0','Netscape Navigator 2.0',147);
INSERT INTO `option` (`id`,`correct`,`text`,`question_id`) VALUES (586,'0','Netscape Navigator 3.0',147);
INSERT INTO `option` (`id`,`correct`,`text`,`question_id`) VALUES (587,'1','Microsoft Internet Explorer 3.0',147);
INSERT INTO `option` (`id`,`correct`,`text`,`question_id`) VALUES (588,'0','None',147);
INSERT INTO `option` (`id`,`correct`,`text`,`question_id`) VALUES (589,'0','K=a(i)',148);
INSERT INTO `option` (`id`,`correct`,`text`,`question_id`) VALUES (590,'1','K=a[i]',148);
INSERT INTO `option` (`id`,`correct`,`text`,`question_id`) VALUES (591,'0','K=a>>i',148);
INSERT INTO `option` (`id`,`correct`,`text`,`question_id`) VALUES (592,'0','K=a^i',148);
INSERT INTO `option` (`id`,`correct`,`text`,`question_id`) VALUES (593,'0','String \"10\"',149);
INSERT INTO `option` (`id`,`correct`,`text`,`question_id`) VALUES (594,'0','Array of 10 empty strings',149);
INSERT INTO `option` (`id`,`correct`,`text`,`question_id`) VALUES (595,'1','String\",,,,,,,,,,\"',149);
INSERT INTO `option` (`id`,`correct`,`text`,`question_id`) VALUES (596,'0','This statement will cause an error',149);
INSERT INTO `option` (`id`,`correct`,`text`,`question_id`) VALUES (597,'0','<script href=\"formValidation.js\">',150);
INSERT INTO `option` (`id`,`correct`,`text`,`question_id`) VALUES (598,'0','<script source=\"formValidation.js\">',150);
INSERT INTO `option` (`id`,`correct`,`text`,`question_id`) VALUES (599,'0','<script name=\"formValidation.js\">',150);
INSERT INTO `option` (`id`,`correct`,`text`,`question_id`) VALUES (600,'1','<script src=\"formValidation.js\">',150);
INSERT INTO `option` (`id`,`correct`,`text`,`question_id`) VALUES (601,'0','It supports automatic garbage collection.',151);
INSERT INTO `option` (`id`,`correct`,`text`,`question_id`) VALUES (602,'0','It can be easily integrated with C, C++, COM, ActiveX, CORBA, and Java.',151);
INSERT INTO `option` (`id`,`correct`,`text`,`question_id`) VALUES (603,'1','Both of the above.',151);
INSERT INTO `option` (`id`,`correct`,`text`,`question_id`) VALUES (604,'0','None of the above.',151);
INSERT INTO `option` (`id`,`correct`,`text`,`question_id`) VALUES (605,'1','[ \'abcd\', 786 , 2.23, \'john\', 70.2 ]',152);
INSERT INTO `option` (`id`,`correct`,`text`,`question_id`) VALUES (606,'0','list',152);
INSERT INTO `option` (`id`,`correct`,`text`,`question_id`) VALUES (607,'0','Error',152);
INSERT INTO `option` (`id`,`correct`,`text`,`question_id`) VALUES (608,'0','None of the above.',152);
INSERT INTO `option` (`id`,`correct`,`text`,`question_id`) VALUES (609,'0','isupper()',153);
INSERT INTO `option` (`id`,`correct`,`text`,`question_id`) VALUES (610,'0','join(seq)',153);
INSERT INTO `option` (`id`,`correct`,`text`,`question_id`) VALUES (611,'1','len(string)',153);
INSERT INTO `option` (`id`,`correct`,`text`,`question_id`) VALUES (612,'0','ljust(width[, fillchar])',153);
INSERT INTO `option` (`id`,`correct`,`text`,`question_id`) VALUES (613,'0','upper()',154);
INSERT INTO `option` (`id`,`correct`,`text`,`question_id`) VALUES (614,'1','isdecimal()',154);
INSERT INTO `option` (`id`,`correct`,`text`,`question_id`) VALUES (615,'0','swapcase()',154);
INSERT INTO `option` (`id`,`correct`,`text`,`question_id`) VALUES (616,'0','title()',154);
INSERT INTO `option` (`id`,`correct`,`text`,`question_id`) VALUES (617,'0','Lists',155);
INSERT INTO `option` (`id`,`correct`,`text`,`question_id`) VALUES (618,'0','Dictionary',155);
INSERT INTO `option` (`id`,`correct`,`text`,`question_id`) VALUES (619,'0','Tuples',155);
INSERT INTO `option` (`id`,`correct`,`text`,`question_id`) VALUES (620,'1','Class',155);
INSERT INTO `option` (`id`,`correct`,`text`,`question_id`) VALUES (621,'0','Int',156);
INSERT INTO `option` (`id`,`correct`,`text`,`question_id`) VALUES (622,'0','Bool',156);
INSERT INTO `option` (`id`,`correct`,`text`,`question_id`) VALUES (623,'0','Void',156);
INSERT INTO `option` (`id`,`correct`,`text`,`question_id`) VALUES (624,'1','None',156);
INSERT INTO `option` (`id`,`correct`,`text`,`question_id`) VALUES (625,'1','Round(45.8)',157);
INSERT INTO `option` (`id`,`correct`,`text`,`question_id`) VALUES (626,'1','Round(63520898,2)',157);
INSERT INTO `option` (`id`,`correct`,`text`,`question_id`) VALUES (627,'0','Round()',157);
INSERT INTO `option` (`id`,`correct`,`text`,`question_id`) VALUES (628,'0','Round(7463.123,2,1)',157);
INSERT INTO `option` (`id`,`correct`,`text`,`question_id`) VALUES (629,'1','Int',158);
INSERT INTO `option` (`id`,`correct`,`text`,`question_id`) VALUES (630,'0','Float',158);
INSERT INTO `option` (`id`,`correct`,`text`,`question_id`) VALUES (631,'0','Bool',158);
INSERT INTO `option` (`id`,`correct`,`text`,`question_id`) VALUES (632,'0','Dict',158);
INSERT INTO `option` (`id`,`correct`,`text`,`question_id`) VALUES (633,'0','SyntaxError',159);
INSERT INTO `option` (`id`,`correct`,`text`,`question_id`) VALUES (634,'1','NameError',159);
INSERT INTO `option` (`id`,`correct`,`text`,`question_id`) VALUES (635,'0','ValueError',159);
INSERT INTO `option` (`id`,`correct`,`text`,`question_id`) VALUES (636,'0','TypeError',159);
INSERT INTO `option` (`id`,`correct`,`text`,`question_id`) VALUES (637,'1','List',160);
INSERT INTO `option` (`id`,`correct`,`text`,`question_id`) VALUES (638,'0','Dictionary',160);
INSERT INTO `option` (`id`,`correct`,`text`,`question_id`) VALUES (639,'0','Array',160);
INSERT INTO `option` (`id`,`correct`,`text`,`question_id`) VALUES (640,'0','Tuple',160);
INSERT INTO `option` (`id`,`correct`,`text`,`question_id`) VALUES (641,'1','cmp(list1, list2)',161);
INSERT INTO `option` (`id`,`correct`,`text`,`question_id`) VALUES (642,'0','len(list1, list2)',161);
INSERT INTO `option` (`id`,`correct`,`text`,`question_id`) VALUES (643,'0','max(list1, list2)',161);
INSERT INTO `option` (`id`,`correct`,`text`,`question_id`) VALUES (644,'0','min(list1, list2) ',161);
INSERT INTO `option` (`id`,`correct`,`text`,`question_id`) VALUES (645,'0','dict1.cmp(dict2)',162);
INSERT INTO `option` (`id`,`correct`,`text`,`question_id`) VALUES (646,'0','dict1.sort(dict2)',162);
INSERT INTO `option` (`id`,`correct`,`text`,`question_id`) VALUES (647,'1','cmp(dict1, dict2)',162);
INSERT INTO `option` (`id`,`correct`,`text`,`question_id`) VALUES (648,'0','None of the above.',162);
INSERT INTO `option` (`id`,`correct`,`text`,`question_id`) VALUES (649,'0','print(\'hello\', \'how\', \'are\', \'you\')',163);
INSERT INTO `option` (`id`,`correct`,`text`,`question_id`) VALUES (650,'1','print(\'hello\', \'how\', \'are\', \'you\' + \'-\' * 4)',163);
INSERT INTO `option` (`id`,`correct`,`text`,`question_id`) VALUES (651,'0','print(\'hello-\' + \'how-are-you\')',163);
INSERT INTO `option` (`id`,`correct`,`text`,`question_id`) VALUES (652,'1','print(\'hello\' + \'-\' + \'how\' + \'-\' + \'are\' + \'-\' + \'you\')',163);
INSERT INTO `option` (`id`,`correct`,`text`,`question_id`) VALUES (653,'1','int',164);
INSERT INTO `option` (`id`,`correct`,`text`,`question_id`) VALUES (654,'0','bool',164);
INSERT INTO `option` (`id`,`correct`,`text`,`question_id`) VALUES (655,'0','float',164);
INSERT INTO `option` (`id`,`correct`,`text`,`question_id`) VALUES (656,'0','none',164);
INSERT INTO `option` (`id`,`correct`,`text`,`question_id`) VALUES (657,'1','Re',165);
INSERT INTO `option` (`id`,`correct`,`text`,`question_id`) VALUES (658,'0','Regex',165);
INSERT INTO `option` (`id`,`correct`,`text`,`question_id`) VALUES (659,'0','Pyregex',165);
INSERT INTO `option` (`id`,`correct`,`text`,`question_id`) VALUES (660,'0','None of them',165);
INSERT INTO `option` (`id`,`correct`,`text`,`question_id`) VALUES (661,'0','Re.create(str)',166);
INSERT INTO `option` (`id`,`correct`,`text`,`question_id`) VALUES (662,'0','Re.regex(str)',166);
INSERT INTO `option` (`id`,`correct`,`text`,`question_id`) VALUES (663,'1','Re.compile(str)',166);
INSERT INTO `option` (`id`,`correct`,`text`,`question_id`) VALUES (664,'0','Re.assemble(str)',166);
INSERT INTO `option` (`id`,`correct`,`text`,`question_id`) VALUES (665,'1','Matches a pattern at the start of the string',167);
INSERT INTO `option` (`id`,`correct`,`text`,`question_id`) VALUES (666,'0','Matches a pattern at any position in the string',167);
INSERT INTO `option` (`id`,`correct`,`text`,`question_id`) VALUES (667,'0','Such a function does not exist',167);
INSERT INTO `option` (`id`,`correct`,`text`,`question_id`) VALUES (668,'0','None of the above',167);
INSERT INTO `option` (`id`,`correct`,`text`,`question_id`) VALUES (669,'0','Matches a pattern at the start of the string',168);
INSERT INTO `option` (`id`,`correct`,`text`,`question_id`) VALUES (670,'1','Matches a pattern at any position in the string',168);
INSERT INTO `option` (`id`,`correct`,`text`,`question_id`) VALUES (671,'0','Such a function does not exist',168);
INSERT INTO `option` (`id`,`correct`,`text`,`question_id`) VALUES (672,'0','None of the above',168);
INSERT INTO `option` (`id`,`correct`,`text`,`question_id`) VALUES (673,'1','Yes',169);
INSERT INTO `option` (`id`,`correct`,`text`,`question_id`) VALUES (674,'0','No',169);
INSERT INTO `option` (`id`,`correct`,`text`,`question_id`) VALUES (675,'0','Sometimes only',169);
INSERT INTO `option` (`id`,`correct`,`text`,`question_id`) VALUES (676,'0','None of the above',169);
INSERT INTO `option` (`id`,`correct`,`text`,`question_id`) VALUES (677,'0','31 characters',170);
INSERT INTO `option` (`id`,`correct`,`text`,`question_id`) VALUES (678,'0','63 charecters',170);
INSERT INTO `option` (`id`,`correct`,`text`,`question_id`) VALUES (679,'0','79 characters',170);
INSERT INTO `option` (`id`,`correct`,`text`,`question_id`) VALUES (680,'1','None of the mentioned',170);
INSERT INTO `option` (`id`,`correct`,`text`,`question_id`) VALUES (681,'0','Python\'s dictionaries are kind of hash table type.',171);
INSERT INTO `option` (`id`,`correct`,`text`,`question_id`) VALUES (682,'0','They work like associative arrays or hashes found in Perl and consist of key-value pairs.',171);
INSERT INTO `option` (`id`,`correct`,`text`,`question_id`) VALUES (683,'0','A dictionary key can be almost any Python type, but are usually numbers or strings. Values, on the other hand, can be any arbitrary Python object.',171);
INSERT INTO `option` (`id`,`correct`,`text`,`question_id`) VALUES (684,'1','All of the above.',171);
INSERT INTO `option` (`id`,`correct`,`text`,`question_id`) VALUES (685,'1','repr(x)',172);
INSERT INTO `option` (`id`,`correct`,`text`,`question_id`) VALUES (686,'0','eval(str)',172);
INSERT INTO `option` (`id`,`correct`,`text`,`question_id`) VALUES (687,'0','tuple(s)',172);
INSERT INTO `option` (`id`,`correct`,`text`,`question_id`) VALUES (688,'0','list(s)',172);
INSERT INTO `option` (`id`,`correct`,`text`,`question_id`) VALUES (689,'1','**',173);
INSERT INTO `option` (`id`,`correct`,`text`,`question_id`) VALUES (690,'0','//',173);
INSERT INTO `option` (`id`,`correct`,`text`,`question_id`) VALUES (691,'0','is',173);
INSERT INTO `option` (`id`,`correct`,`text`,`question_id`) VALUES (692,'0','not in',173);
INSERT INTO `option` (`id`,`correct`,`text`,`question_id`) VALUES (693,'0','shuffle(lst)',174);
INSERT INTO `option` (`id`,`correct`,`text`,`question_id`) VALUES (694,'1','capitalize()',174);
INSERT INTO `option` (`id`,`correct`,`text`,`question_id`) VALUES (695,'0','isalnum()',174);
INSERT INTO `option` (`id`,`correct`,`text`,`question_id`) VALUES (696,'0','isdigit()',174);
INSERT INTO `option` (`id`,`correct`,`text`,`question_id`) VALUES (697,'0','_a=1',175);
INSERT INTO `option` (`id`,`correct`,`text`,`question_id`) VALUES (698,'0','__a=1',175);
INSERT INTO `option` (`id`,`correct`,`text`,`question_id`) VALUES (699,'0','__str__=1',175);
INSERT INTO `option` (`id`,`correct`,`text`,`question_id`) VALUES (700,'1','None of the mentioned',175);
INSERT INTO `option` (`id`,`correct`,`text`,`question_id`) VALUES (701,'0','My_string_1',176);
INSERT INTO `option` (`id`,`correct`,`text`,`question_id`) VALUES (702,'1','1st_string',176);
INSERT INTO `option` (`id`,`correct`,`text`,`question_id`) VALUES (703,'0','Foo',176);
INSERT INTO `option` (`id`,`correct`,`text`,`question_id`) VALUES (704,'0','_',176);
INSERT INTO `option` (`id`,`correct`,`text`,`question_id`) VALUES (705,'1','they are used to indicate a private variables of a class',177);
INSERT INTO `option` (`id`,`correct`,`text`,`question_id`) VALUES (706,'0','they confuse the interpreter',177);
INSERT INTO `option` (`id`,`correct`,`text`,`question_id`) VALUES (707,'0','they are used to indicate global variables',177);
INSERT INTO `option` (`id`,`correct`,`text`,`question_id`) VALUES (708,'0','they slow down execution',177);
INSERT INTO `option` (`id`,`correct`,`text`,`question_id`) VALUES (709,'1','eval',178);
INSERT INTO `option` (`id`,`correct`,`text`,`question_id`) VALUES (710,'0','assert',178);
INSERT INTO `option` (`id`,`correct`,`text`,`question_id`) VALUES (711,'0','nonlocal',178);
INSERT INTO `option` (`id`,`correct`,`text`,`question_id`) VALUES (712,'0','pass',178);
INSERT INTO `option` (`id`,`correct`,`text`,`question_id`) VALUES (713,'0','lower case',179);
INSERT INTO `option` (`id`,`correct`,`text`,`question_id`) VALUES (714,'0','UPPER CASE',179);
INSERT INTO `option` (`id`,`correct`,`text`,`question_id`) VALUES (715,'0','Capitalized',179);
INSERT INTO `option` (`id`,`correct`,`text`,`question_id`) VALUES (716,'1','none',179);
INSERT INTO `option` (`id`,`correct`,`text`,`question_id`) VALUES (717,'1','unlimited length',180);
INSERT INTO `option` (`id`,`correct`,`text`,`question_id`) VALUES (718,'0','all private members must have leading and trailing underscores',180);
INSERT INTO `option` (`id`,`correct`,`text`,`question_id`) VALUES (719,'0','underscore and ampersand are the only two special charaters allowed',180);
INSERT INTO `option` (`id`,`correct`,`text`,`question_id`) VALUES (720,'0','none',180);
INSERT INTO `option` (`id`,`correct`,`text`,`question_id`) VALUES (721,'0','abc = 1,000,000',181);
INSERT INTO `option` (`id`,`correct`,`text`,`question_id`) VALUES (722,'1','a b c = 1000 2000 3000',181);
INSERT INTO `option` (`id`,`correct`,`text`,`question_id`) VALUES (723,'0','a,b,c = 1000, 2000, 3000',181);
INSERT INTO `option` (`id`,`correct`,`text`,`question_id`) VALUES (724,'0','a_b_c = 1,000,000',181);
INSERT INTO `option` (`id`,`correct`,`text`,`question_id`) VALUES (725,'0','__init__',182);
INSERT INTO `option` (`id`,`correct`,`text`,`question_id`) VALUES (726,'1','In',182);
INSERT INTO `option` (`id`,`correct`,`text`,`question_id`) VALUES (727,'0','It',182);
INSERT INTO `option` (`id`,`correct`,`text`,`question_id`) VALUES (728,'0','On',182);
INSERT INTO `option` (`id`,`correct`,`text`,`question_id`) VALUES (729,'0','True',183);
INSERT INTO `option` (`id`,`correct`,`text`,`question_id`) VALUES (730,'1','False',183);
INSERT INTO `option` (`id`,`correct`,`text`,`question_id`) VALUES (731,'0','Machine dependent',183);
INSERT INTO `option` (`id`,`correct`,`text`,`question_id`) VALUES (732,'0','Error',183);
INSERT INTO `option` (`id`,`correct`,`text`,`question_id`) VALUES (733,'0','K=2+3j',184);
INSERT INTO `option` (`id`,`correct`,`text`,`question_id`) VALUES (734,'0','K=2+3j',184);
INSERT INTO `option` (`id`,`correct`,`text`,`question_id`) VALUES (735,'1','K=2+3l',184);
INSERT INTO `option` (`id`,`correct`,`text`,`question_id`) VALUES (736,'0','K=2+3J',184);
INSERT INTO `option` (`id`,`correct`,`text`,`question_id`) VALUES (737,'0','Boolean',185);
INSERT INTO `option` (`id`,`correct`,`text`,`question_id`) VALUES (738,'0','Integer',185);
INSERT INTO `option` (`id`,`correct`,`text`,`question_id`) VALUES (739,'1','Float',185);
INSERT INTO `option` (`id`,`correct`,`text`,`question_id`) VALUES (740,'0','Complex',185);
INSERT INTO `option` (`id`,`correct`,`text`,`question_id`) VALUES (741,'1','-5',186);
INSERT INTO `option` (`id`,`correct`,`text`,`question_id`) VALUES (742,'0','-4',186);
INSERT INTO `option` (`id`,`correct`,`text`,`question_id`) VALUES (743,'0','-3',186);
INSERT INTO `option` (`id`,`correct`,`text`,`question_id`) VALUES (744,'0','+3',186);
INSERT INTO `option` (`id`,`correct`,`text`,`question_id`) VALUES (745,'1','+5',187);
INSERT INTO `option` (`id`,`correct`,`text`,`question_id`) VALUES (746,'0','-11',187);
INSERT INTO `option` (`id`,`correct`,`text`,`question_id`) VALUES (747,'0','+11',187);
INSERT INTO `option` (`id`,`correct`,`text`,`question_id`) VALUES (748,'0','-5',187);
INSERT INTO `option` (`id`,`correct`,`text`,`question_id`) VALUES (749,'0','X=0b101',188);
INSERT INTO `option` (`id`,`correct`,`text`,`question_id`) VALUES (750,'0','X=0x4f5',188);
INSERT INTO `option` (`id`,`correct`,`text`,`question_id`) VALUES (751,'0','X=19023',188);
INSERT INTO `option` (`id`,`correct`,`text`,`question_id`) VALUES (752,'1','X=03964',188);
INSERT INTO `option` (`id`,`correct`,`text`,`question_id`) VALUES (753,'1','1',189);
INSERT INTO `option` (`id`,`correct`,`text`,`question_id`) VALUES (754,'0','0',189);
INSERT INTO `option` (`id`,`correct`,`text`,`question_id`) VALUES (755,'0','true',189);
INSERT INTO `option` (`id`,`correct`,`text`,`question_id`) VALUES (756,'0','false',189);
INSERT INTO `option` (`id`,`correct`,`text`,`question_id`) VALUES (757,'0','X^y',190);
INSERT INTO `option` (`id`,`correct`,`text`,`question_id`) VALUES (758,'1','X**y',190);
INSERT INTO `option` (`id`,`correct`,`text`,`question_id`) VALUES (759,'0','X^^y',190);
INSERT INTO `option` (`id`,`correct`,`text`,`question_id`) VALUES (760,'0','None',190);
INSERT INTO `option` (`id`,`correct`,`text`,`question_id`) VALUES (761,'0','7',191);
INSERT INTO `option` (`id`,`correct`,`text`,`question_id`) VALUES (762,'1','1',191);
INSERT INTO `option` (`id`,`correct`,`text`,`question_id`) VALUES (763,'0','0',191);
INSERT INTO `option` (`id`,`correct`,`text`,`question_id`) VALUES (764,'0','5',191);
INSERT INTO `option` (`id`,`correct`,`text`,`question_id`) VALUES (765,'0','27',192);
INSERT INTO `option` (`id`,`correct`,`text`,`question_id`) VALUES (766,'0','9',192);
INSERT INTO `option` (`id`,`correct`,`text`,`question_id`) VALUES (767,'1','3',192);
INSERT INTO `option` (`id`,`correct`,`text`,`question_id`) VALUES (768,'0','1',192);
INSERT INTO `option` (`id`,`correct`,`text`,`question_id`) VALUES (769,'0','Addition and Subtraction',193);
INSERT INTO `option` (`id`,`correct`,`text`,`question_id`) VALUES (770,'0','Multiplication and Division',193);
INSERT INTO `option` (`id`,`correct`,`text`,`question_id`) VALUES (771,'1','A and B',193);
INSERT INTO `option` (`id`,`correct`,`text`,`question_id`) VALUES (772,'0','None',193);
INSERT INTO `option` (`id`,`correct`,`text`,`question_id`) VALUES (773,'0','Exponential',194);
INSERT INTO `option` (`id`,`correct`,`text`,`question_id`) VALUES (774,'0','Addition',194);
INSERT INTO `option` (`id`,`correct`,`text`,`question_id`) VALUES (775,'0','Multiplication',194);
INSERT INTO `option` (`id`,`correct`,`text`,`question_id`) VALUES (776,'1','Parantheses',194);
INSERT INTO `option` (`id`,`correct`,`text`,`question_id`) VALUES (777,'1','the name of the operating system dependent module imported',195);
INSERT INTO `option` (`id`,`correct`,`text`,`question_id`) VALUES (778,'0','the address of the module os',195);
INSERT INTO `option` (`id`,`correct`,`text`,`question_id`) VALUES (779,'0','error, it should\'ve been os.name()',195);
INSERT INTO `option` (`id`,`correct`,`text`,`question_id`) VALUES (780,'0','none of the mentioned',195);
INSERT INTO `option` (`id`,`correct`,`text`,`question_id`) VALUES (781,'0','the group id of the current process',196);
INSERT INTO `option` (`id`,`correct`,`text`,`question_id`) VALUES (782,'1','the user id of the current process',196);
INSERT INTO `option` (`id`,`correct`,`text`,`question_id`) VALUES (783,'0','both the group id and the user of the current process',196);
INSERT INTO `option` (`id`,`correct`,`text`,`question_id`) VALUES (784,'0','none of the mentioned',196);
INSERT INTO `option` (`id`,`correct`,`text`,`question_id`) VALUES (785,'1','name of the current user logged in',197);
INSERT INTO `option` (`id`,`correct`,`text`,`question_id`) VALUES (786,'0','name of the superuser',197);
INSERT INTO `option` (`id`,`correct`,`text`,`question_id`) VALUES (787,'0','gets a form to login as a different user',197);
INSERT INTO `option` (`id`,`correct`,`text`,`question_id`) VALUES (788,'0','all of the above',197);
INSERT INTO `option` (`id`,`correct`,`text`,`question_id`) VALUES (789,'0','True',198);
INSERT INTO `option` (`id`,`correct`,`text`,`question_id`) VALUES (790,'1','None',198);
INSERT INTO `option` (`id`,`correct`,`text`,`question_id`) VALUES (791,'0','3',198);
INSERT INTO `option` (`id`,`correct`,`text`,`question_id`) VALUES (792,'0','1',198);
INSERT INTO `option` (`id`,`correct`,`text`,`question_id`) VALUES (793,'0','0',199);
INSERT INTO `option` (`id`,`correct`,`text`,`question_id`) VALUES (794,'0','3',199);
INSERT INTO `option` (`id`,`correct`,`text`,`question_id`) VALUES (795,'1','2.3',199);
INSERT INTO `option` (`id`,`correct`,`text`,`question_id`) VALUES (796,'0','none',199);
INSERT INTO `option` (`id`,`correct`,`text`,`question_id`) VALUES (797,'0','4',200);
INSERT INTO `option` (`id`,`correct`,`text`,`question_id`) VALUES (798,'0','3.4',200);
INSERT INTO `option` (`id`,`correct`,`text`,`question_id`) VALUES (799,'1','error',200);
INSERT INTO `option` (`id`,`correct`,`text`,`question_id`) VALUES (800,'0','none',200);
